,Ingredient,Name of Dish
0,old fashioned oats,Tropical Granola
1,hemp seeds,Tropical Granola
2,flax seeds,Tropical Granola
3,dried cranberries,Tropical Granola
4,dried pineapples,Tropical Granola
5,coconut,Tropical Granola
6,vanilla extract,Tropical Granola
7,salt,Tropical Granola
8,coconut oil,Tropical Granola
9,maple syrup,Tropical Granola
10,honey,Tropical Granola
11,package of sugar cookie dough,Mini Fruit Pizza
12,"Fruit for topping: canned mandarin oranges,",Mini Fruit Pizza
13,"cream cheese,",Mini Fruit Pizza
14,corn starch,Mini Fruit Pizza
15,"whipped topping,",Mini Fruit Pizza
16,water,Mini Fruit Pizza
17,powdered sugar,Mini Fruit Pizza
18,can crushed pineapple,Mini Fruit Pizza
19,sugar,Mini Fruit Pizza
20,lemon juice,Mini Fruit Pizza
21,orange juice,Mini Fruit Pizza
22,water,Mini Fruit Pizza
23,corn starch,Mini Fruit Pizza
24,thinly sliced beef,Korean Beef Bowl
25,onion,Korean Beef Bowl
26,soy sauce,Korean Beef Bowl
27,brown sugar,Korean Beef Bowl
28,garlic,Korean Beef Bowl
29,fresh ginger,Korean Beef Bowl
30,sesame oil,Korean Beef Bowl
31,black pepper,Korean Beef Bowl
32,shredded carrots,Korean Beef Bowl
33,green beans,Korean Beef Bowl
34,rice vinegar,Korean Beef Bowl
35,sesame oil,Korean Beef Bowl
36,brown sugar,Korean Beef Bowl
37,Jasmine rice,Korean Beef Bowl
38,water,Korean Beef Bowl
39,salt,Korean Beef Bowl
40,Gochujang sauce,Korean Beef Bowl
41,scallions,Korean Beef Bowl
42,unsalted butter,Peach Cobbler
43,sugar,Peach Cobbler
44,self rising flour,Peach Cobbler
45,milk,Peach Cobbler
46,almond extract,Peach Cobbler
47,juice of 1/2 lemon,Peach Cobbler
48,cans peaches,Peach Cobbler
49,salt,Peach Cobbler
50,cinnamon,Peach Cobbler
51,butter,Churro Cake
52,sugar,Churro Cake
53,light brown sugar,Churro Cake
54,eggs,Churro Cake
55,egg yolks,Churro Cake
56,grapeseed oil,Churro Cake
57,vanilla extract,Churro Cake
58,all purpose flour,Churro Cake
59,corn starch,Churro Cake
60,baking powder,Churro Cake
61,kosher salt,Churro Cake
62,cinnamon,Churro Cake
63,buttermillk,Churro Cake
64,pecans,Churro Cake
65,maple syrup,Churro Cake
66,kosher salt,Churro Cake
67,cayenne pepper,Churro Cake
68,white chocolate chips,Churro Cake
69,light corn syrup,Churro Cake
70,miso paste,Churro Cake
71,kosher salt,Churro Cake
72,plus 1 teaspoon light brown sugar,Churro Cake
73,heavy cream,Churro Cake
74,unsalted butter,Churro Cake
75,all vegetable shortening,Churro Cake
76,powdered sugar,Churro Cake
77,vanilla extract,Churro Cake
78,cinnamon,Churro Cake
79,kosher salt,Churro Cake
80,dark chocolate chips,Churro Cake
81,white chocolate chips,Churro Cake
82,heavy whipping cream,Churro Cake
83,unsalted butter,Triple Chocolate Cookies
84,sugar,Triple Chocolate Cookies
85,light brown sugar,Triple Chocolate Cookies
86,all purpose flour,Triple Chocolate Cookies
87,corn starch,Triple Chocolate Cookies
88,baking soda,Triple Chocolate Cookies
89,salt,Triple Chocolate Cookies
90,cocoa powder,Triple Chocolate Cookies
91,vanilla extract,Triple Chocolate Cookies
92,large eggs,Triple Chocolate Cookies
93,Baker's semi-sweet chocolate,Triple Chocolate Cookies
94,Hershey dark chocolate chips,Triple Chocolate Cookies
95,Fairlife whole milk,Easy Homemade Ice Cream
96,honey,Easy Homemade Ice Cream
97,fresh blueberries,Easy Homemade Ice Cream
98,large strawberries,Easy Homemade Ice Cream
99,vanilla extract,Easy Homemade Ice Cream
100,can diced tomatoes,Restaurant Style Blender Salsa
101,can fire roasted tomatoes,Restaurant Style Blender Salsa
102,garlic,Restaurant Style Blender Salsa
103,jalapeno,Restaurant Style Blender Salsa
104,honey,Restaurant Style Blender Salsa
105,cumin,Restaurant Style Blender Salsa
106,large handful cilantro,Restaurant Style Blender Salsa
107,juice of 1.5 limes,Restaurant Style Blender Salsa
108,chicken breasts,Cheesy Chicken Lasagna
109,kosher salt,Cheesy Chicken Lasagna
110,Pepper,Cheesy Chicken Lasagna
111,Italian seasoning,Cheesy Chicken Lasagna
112,celery seed,Cheesy Chicken Lasagna
113,reduced sodium chicken broth,Cheesy Chicken Lasagna
114,garlic,Cheesy Chicken Lasagna
115,butter,Cheesy Chicken Lasagna
116,cans cream of celery soup,Cheesy Chicken Lasagna
117,oregano,Cheesy Chicken Lasagna
118,Pepper,Cheesy Chicken Lasagna
119,chicken broth,Cheesy Chicken Lasagna
120,dehydrated onion,Cheesy Chicken Lasagna
121,onion powder,Cheesy Chicken Lasagna
122,~12 lasagna noodles,Cheesy Chicken Lasagna
123,shredded mozzarella cheese,Cheesy Chicken Lasagna
124,shredded cheddar cheese,Cheesy Chicken Lasagna
125,grated parmesan cheese,Cheesy Chicken Lasagna
126,of zucchini,Zucchini Crust Pepperoni Pizza
127,all purpose flour,Zucchini Crust Pepperoni Pizza
128,egg,Zucchini Crust Pepperoni Pizza
129,Italian seasoning,Zucchini Crust Pepperoni Pizza
130,kosher salt,Zucchini Crust Pepperoni Pizza
131,pepper,Zucchini Crust Pepperoni Pizza
132,olive oil,Zucchini Crust Pepperoni Pizza
133,jarred pizza sauce,Zucchini Crust Pepperoni Pizza
134,pepperoni,Zucchini Crust Pepperoni Pizza
135,mixed mozzarella and cheddar cheeses,Zucchini Crust Pepperoni Pizza
136,shredded parmesan cheese,Zucchini Crust Pepperoni Pizza
137,dried parsley,Zucchini Crust Pepperoni Pizza
138,unsalted butter,Baked Blueberry Cake Donuts
139,sugar,Baked Blueberry Cake Donuts
140,brown sugar,Baked Blueberry Cake Donuts
141,large eggs,Baked Blueberry Cake Donuts
142,all purpose flour,Baked Blueberry Cake Donuts
143,cornstarch,Baked Blueberry Cake Donuts
144,almond flour,Baked Blueberry Cake Donuts
145,baking powder,Baked Blueberry Cake Donuts
146,salt,Baked Blueberry Cake Donuts
147,cinnamon,Baked Blueberry Cake Donuts
148,milk,Baked Blueberry Cake Donuts
149,frozen blueberries,Baked Blueberry Cake Donuts
150,frozen or fresh blueberries,Baked Blueberry Cake Donuts
151,sugar,Baked Blueberry Cake Donuts
152,powdered sugar,Baked Blueberry Cake Donuts
153,couscous,Fresh Herb and Vegetable Couscous Salad
154,water,Fresh Herb and Vegetable Couscous Salad
155,butter,Fresh Herb and Vegetable Couscous Salad
156,salt,Fresh Herb and Vegetable Couscous Salad
157,fresh basil,Fresh Herb and Vegetable Couscous Salad
158,fresh oregano,Fresh Herb and Vegetable Couscous Salad
159,cucumber,Fresh Herb and Vegetable Couscous Salad
160,baby tomatoes,Fresh Herb and Vegetable Couscous Salad
161,balsamic vinegar,Fresh Herb and Vegetable Couscous Salad
162,olive oil,Fresh Herb and Vegetable Couscous Salad
163,salt,Fresh Herb and Vegetable Couscous Salad
164,pepper,Fresh Herb and Vegetable Couscous Salad
165,feta cheese crumbles,Fresh Herb and Vegetable Couscous Salad
166,ground beef,Skillet Shepherd’s Pie
167,salt,Skillet Shepherd’s Pie
168,black pepper,Skillet Shepherd’s Pie
169,olive oil,Skillet Shepherd’s Pie
170,large onion,Skillet Shepherd’s Pie
171,stalks celery,Skillet Shepherd’s Pie
172,garlic,Skillet Shepherd’s Pie
173,bag frozen mixed vegetables,Skillet Shepherd’s Pie
174,tomato paste,Skillet Shepherd’s Pie
175,fresh rosemary,Skillet Shepherd’s Pie
176,fresh thyme,Skillet Shepherd’s Pie
177,fresh oregano,Skillet Shepherd’s Pie
178,dried parsley,Skillet Shepherd’s Pie
179,worcestershire sauce,Skillet Shepherd’s Pie
180,beef broth,Skillet Shepherd’s Pie
181,all purpose flour,Skillet Shepherd’s Pie
182,large russet potatoes,Skillet Shepherd’s Pie
183,chicken broth,Skillet Shepherd’s Pie
184,sour cream,Skillet Shepherd’s Pie
185,salt,Skillet Shepherd’s Pie
186,pepper,Skillet Shepherd’s Pie
187,paprika,Skillet Shepherd’s Pie
188,grated cheddar cheese,Skillet Shepherd’s Pie
189,shaved parmesan cheese,Skillet Shepherd’s Pie
190,plus 6 tbsp all purpose flour,Muddy Buddy Cupcakes
191,cornstarch,Muddy Buddy Cupcakes
192,baking soda,Muddy Buddy Cupcakes
193,salt,Muddy Buddy Cupcakes
194,cocoa powder,Muddy Buddy Cupcakes
195,sugar,Muddy Buddy Cupcakes
196,large egg,Muddy Buddy Cupcakes
197,vegetable oil,Muddy Buddy Cupcakes
198,vanilla,Muddy Buddy Cupcakes
199,boiling water,Muddy Buddy Cupcakes
200,buttermilk,Muddy Buddy Cupcakes
201,corn Chex,Muddy Buddy Cupcakes
202,peanut butter,Muddy Buddy Cupcakes
203,milk chocolate chips,Muddy Buddy Cupcakes
204,unsalted butter,Muddy Buddy Cupcakes
205,powdered sugar,Muddy Buddy Cupcakes
206,unsalted butter,Muddy Buddy Cupcakes
207,vegetable shortening,Muddy Buddy Cupcakes
208,peanut butter,Muddy Buddy Cupcakes
209,powdered sugar,Muddy Buddy Cupcakes
210,salt,Muddy Buddy Cupcakes
211,milk,Muddy Buddy Cupcakes
212,milk chocolate chips,Muddy Buddy Cupcakes
213,coconut or vegetable oil,Muddy Buddy Cupcakes
214,powdered sugar,Muddy Buddy Cupcakes
215,"Fairlife milk (whole), divided",Instant Pot Yogurt
216,sweetened condensed milk,Instant Pot Yogurt
217,plain greek yogurt containing active live cultures,Instant Pot Yogurt
218,ground turkey,Ground Turkey Pot Stickers
219,vegetable oil,Ground Turkey Pot Stickers
220,fresh ginger,Ground Turkey Pot Stickers
221,fresh garlic,Ground Turkey Pot Stickers
222,onion,Ground Turkey Pot Stickers
223,shredded carrots,Ground Turkey Pot Stickers
224,roasted red peppers,Ground Turkey Pot Stickers
225,Chinese 5 Spice,Ground Turkey Pot Stickers
226,red pepper flakes,Ground Turkey Pot Stickers
227,salt,Ground Turkey Pot Stickers
228,reduced sodium soy sauce,Ground Turkey Pot Stickers
229,~8 sheets of egg roll wrappers,Ground Turkey Pot Stickers
230,Teriyaki Sauce or soy sauce for serving,Ground Turkey Pot Stickers
231,quinoa,Quinoa Turkey Enchilada Stuffed Peppers
232,garlic,Quinoa Turkey Enchilada Stuffed Peppers
233,olive oil,Quinoa Turkey Enchilada Stuffed Peppers
234,medium onion,Quinoa Turkey Enchilada Stuffed Peppers
235,frozen corn,Quinoa Turkey Enchilada Stuffed Peppers
236,jalapeno,Quinoa Turkey Enchilada Stuffed Peppers
237,ground turkey,Quinoa Turkey Enchilada Stuffed Peppers
238,cumin,Quinoa Turkey Enchilada Stuffed Peppers
239,chili powder,Quinoa Turkey Enchilada Stuffed Peppers
240,can black beans,Quinoa Turkey Enchilada Stuffed Peppers
241,can enchilada sauce,Quinoa Turkey Enchilada Stuffed Peppers
242,can diced tomatoes with chiles,Quinoa Turkey Enchilada Stuffed Peppers
243,lime juice,Quinoa Turkey Enchilada Stuffed Peppers
244,cilantro,Quinoa Turkey Enchilada Stuffed Peppers
245,large peppers,Quinoa Turkey Enchilada Stuffed Peppers
246,mixed cheese,Quinoa Turkey Enchilada Stuffed Peppers
247,+ 12oz can of tomato sauce,Emily’s Baked Ziti
248,can tomato paste,Emily’s Baked Ziti
249,can diced tomatoes,Emily’s Baked Ziti
250,garlic powder,Emily’s Baked Ziti
251,salt,Emily’s Baked Ziti
252,pepper,Emily’s Baked Ziti
253,oregeno,Emily’s Baked Ziti
254,sugar,Emily’s Baked Ziti
255,ground beef,Emily’s Baked Ziti
256,box ziti,Emily’s Baked Ziti
257,bag shredded mozzarella cheese,Emily’s Baked Ziti
258,bag shredded Italian cheese,Emily’s Baked Ziti
259,sugar,Chocolate Covered Cherry Cake
260,all purpose flour,Chocolate Covered Cherry Cake
261,cornstarch,Chocolate Covered Cherry Cake
262,dark cocoa powder,Chocolate Covered Cherry Cake
263,baking soda,Chocolate Covered Cherry Cake
264,salt,Chocolate Covered Cherry Cake
265,eggs,Chocolate Covered Cherry Cake
266,egg yolk,Chocolate Covered Cherry Cake
267,vegetable oil,Chocolate Covered Cherry Cake
268,vanilla,Chocolate Covered Cherry Cake
269,coffee,Chocolate Covered Cherry Cake
270,boiling water,Chocolate Covered Cherry Cake
271,buttermilk,Chocolate Covered Cherry Cake
272,fresh cherries,Chocolate Covered Cherry Cake
273,sugar,Chocolate Covered Cherry Cake
274,water,Chocolate Covered Cherry Cake
275,heavy whipping cream,Chocolate Covered Cherry Cake
276,semi-sweet chocolate,Chocolate Covered Cherry Cake
277,unsalted butter,Chocolate Covered Cherry Cake
278,shortening,Chocolate Covered Cherry Cake
279,salt,Chocolate Covered Cherry Cake
280,vanilla extract,Chocolate Covered Cherry Cake
281,fresh cherries,Chocolate Covered Cherry Cake
282,powdered sugar,Chocolate Covered Cherry Cake
283,light corn syrup,Chocolate Covered Cherry Cake
284,dark chocolate chips,Chocolate Covered Cherry Cake
285,heavy whipping cream,Chocolate Covered Cherry Cake
286,fresh cherries to dip in chocolate ,Chocolate Covered Cherry Cake
287,chicken breasts,Wasabi Teriyaki Chicken and Rice (Instant Pot or Stove Top)
288,salt and pepper,Wasabi Teriyaki Chicken and Rice (Instant Pot or Stove Top)
289,~2 tbsp vegetable oil,Wasabi Teriyaki Chicken and Rice (Instant Pot or Stove Top)
290,apple cider vinegar,Wasabi Teriyaki Chicken and Rice (Instant Pot or Stove Top)
291,dry sherry,Wasabi Teriyaki Chicken and Rice (Instant Pot or Stove Top)
292,soy sauce,Wasabi Teriyaki Chicken and Rice (Instant Pot or Stove Top)
293,honey,Wasabi Teriyaki Chicken and Rice (Instant Pot or Stove Top)
294,wasabi,Wasabi Teriyaki Chicken and Rice (Instant Pot or Stove Top)
295,garlic,Wasabi Teriyaki Chicken and Rice (Instant Pot or Stove Top)
296,fresh ginger,Wasabi Teriyaki Chicken and Rice (Instant Pot or Stove Top)
297,red bell pepper,Wasabi Teriyaki Chicken and Rice (Instant Pot or Stove Top)
298,bok choy,Wasabi Teriyaki Chicken and Rice (Instant Pot or Stove Top)
299,carrots,Wasabi Teriyaki Chicken and Rice (Instant Pot or Stove Top)
300,edamame,Wasabi Teriyaki Chicken and Rice (Instant Pot or Stove Top)
301,jasmine rice,Wasabi Teriyaki Chicken and Rice (Instant Pot or Stove Top)
302,whole chicken,Instant Pot Roasted Balsamic Chicken
303,balsamic vinegar,Instant Pot Roasted Balsamic Chicken
304,plus 1 tbsp olive oil,Instant Pot Roasted Balsamic Chicken
305,salt,Instant Pot Roasted Balsamic Chicken
306,pepper,Instant Pot Roasted Balsamic Chicken
307,herbs de Provence,Instant Pot Roasted Balsamic Chicken
308,kosher salt,Instant Pot Roasted Balsamic Chicken
309,white cooking wine,Instant Pot Roasted Balsamic Chicken
310,chicken broth,Instant Pot Roasted Balsamic Chicken
311,chicken breasts,Andouille Sausage Chicken and Rice
312,chili powder,Andouille Sausage Chicken and Rice
313,lemon herb seasoning,Andouille Sausage Chicken and Rice
314,garlic powder,Andouille Sausage Chicken and Rice
315,salt and pepper to taste,Andouille Sausage Chicken and Rice
316,olive oil,Andouille Sausage Chicken and Rice
317,olive oil,Andouille Sausage Chicken and Rice
318,onion,Andouille Sausage Chicken and Rice
319,garlic,Andouille Sausage Chicken and Rice
320,green pepper,Andouille Sausage Chicken and Rice
321,yellow pepper,Andouille Sausage Chicken and Rice
322,andouille sausage,Andouille Sausage Chicken and Rice
323,long grain white rice,Andouille Sausage Chicken and Rice
324,saffron,Andouille Sausage Chicken and Rice
325,cumin,Andouille Sausage Chicken and Rice
326,oregano,Andouille Sausage Chicken and Rice
327,paprika,Andouille Sausage Chicken and Rice
328,chicken broth,Andouille Sausage Chicken and Rice
329,chunky salsa,Andouille Sausage Chicken and Rice
330,large egg,Thai Curry Soup with Turkey Meatballs
331,of ground turkey,Thai Curry Soup with Turkey Meatballs
332,panko breadcrumbs,Thai Curry Soup with Turkey Meatballs
333,lemongrass paste,Thai Curry Soup with Turkey Meatballs
334,cilantro,Thai Curry Soup with Turkey Meatballs
335,lime juice,Thai Curry Soup with Turkey Meatballs
336,green onions,Thai Curry Soup with Turkey Meatballs
337,garlic,Thai Curry Soup with Turkey Meatballs
338,reduced-sodium soy sauce,Thai Curry Soup with Turkey Meatballs
339,finely grated ginger,Thai Curry Soup with Turkey Meatballs
340,kosher salt,Thai Curry Soup with Turkey Meatballs
341,sugar snap peas,Thai Curry Soup with Turkey Meatballs
342,red peppers,Thai Curry Soup with Turkey Meatballs
343,package of dried rice noodles,Thai Curry Soup with Turkey Meatballs
344,vegetable oil,Thai Curry Soup with Turkey Meatballs
345,garlic,Thai Curry Soup with Turkey Meatballs
346,ginger powder,Thai Curry Soup with Turkey Meatballs
347,cans coconut milk,Thai Curry Soup with Turkey Meatballs
348,chicken broth,Thai Curry Soup with Turkey Meatballs
349,lime juice,Thai Curry Soup with Turkey Meatballs
350,reduced sodium soy sauce,Thai Curry Soup with Turkey Meatballs
351,lemongrass paste,Thai Curry Soup with Turkey Meatballs
352,red curry paste,Thai Curry Soup with Turkey Meatballs
353,red curry paste,Thai Curry Soup with Turkey Meatballs
354,zest of 2 limes,Honey Lime Vinaigrette
355,juice of 1 lime,Honey Lime Vinaigrette
356,juice of 1 lemon,Honey Lime Vinaigrette
357,honey,Honey Lime Vinaigrette
358,tahini,Honey Lime Vinaigrette
359,rice wine vinegar,Honey Lime Vinaigrette
360,kosher salt,Honey Lime Vinaigrette
361,black pepper,Honey Lime Vinaigrette
362,plus 2 tbsp olive oil,Honey Lime Vinaigrette
363,plus 2 tbsp vegetable oil,Honey Lime Vinaigrette
364,green onions,Honey Lime Vinaigrette
365,small shells,Fresh Herb Mac and Cheese
366,butter,Fresh Herb Mac and Cheese
367,sweet onion,Fresh Herb Mac and Cheese
368,seasoning salt,Fresh Herb Mac and Cheese
369,pepper,Fresh Herb Mac and Cheese
370,nutmeg,Fresh Herb Mac and Cheese
371,chili powder,Fresh Herb Mac and Cheese
372,all purpose flour,Fresh Herb Mac and Cheese
373,milk,Fresh Herb Mac and Cheese
374,mixed cheddar cheeses,Fresh Herb Mac and Cheese
375,worcestershire sauce,Fresh Herb Mac and Cheese
376,"2 links sweet Italian chicken sausage, I use al fresco brand",Fresh Herb Mac and Cheese
377,olive oil,Fresh Herb Mac and Cheese
378,small head of broccoli,Fresh Herb Mac and Cheese
379,plain panko bread crumbs,Fresh Herb Mac and Cheese
380,melted butter,Fresh Herb Mac and Cheese
381,fresh sage,Fresh Herb Mac and Cheese
382,fresh thyme,Fresh Herb Mac and Cheese
383,fresh rosemary,Fresh Herb Mac and Cheese
384,chili powder,Chicken Lime Tacos (Instant Pot or Slow Cooker)
385,sea salt,Chicken Lime Tacos (Instant Pot or Slow Cooker)
386,black pepper,Chicken Lime Tacos (Instant Pot or Slow Cooker)
387,oregano,Chicken Lime Tacos (Instant Pot or Slow Cooker)
388,paprika,Chicken Lime Tacos (Instant Pot or Slow Cooker)
389,garlic powder,Chicken Lime Tacos (Instant Pot or Slow Cooker)
390,onion powder,Chicken Lime Tacos (Instant Pot or Slow Cooker)
391,cumin,Chicken Lime Tacos (Instant Pot or Slow Cooker)
392,of red pepper flakes,Chicken Lime Tacos (Instant Pot or Slow Cooker)
393,cloves,Chicken Lime Tacos (Instant Pot or Slow Cooker)
394,zest of 1 lime,Chicken Lime Tacos (Instant Pot or Slow Cooker)
395,juice of 1 lime,Chicken Lime Tacos (Instant Pot or Slow Cooker)
396,chicken broth,Chicken Lime Tacos (Instant Pot or Slow Cooker)
397,boneless chicken thighs,Chicken Lime Tacos (Instant Pot or Slow Cooker)
398,corn or flour tortillas,Chicken Lime Tacos (Instant Pot or Slow Cooker)
399,"toppings: white onion, cilantro, lime juice, corn salsa (see recipe)",Chicken Lime Tacos (Instant Pot or Slow Cooker)
400,semi-sweet chocolate chopped,Nutella Mousse Cake
401,cocoa powder,Nutella Mousse Cake
402,strong hot coffee,Nutella Mousse Cake
403,all purpose flour,Nutella Mousse Cake
404,salt,Nutella Mousse Cake
405,baking powder,Nutella Mousse Cake
406,vegetable oil,Nutella Mousse Cake
407,sugar,Nutella Mousse Cake
408,vanilla extract,Nutella Mousse Cake
409,buttermilk,Nutella Mousse Cake
410,egg,Nutella Mousse Cake
411,cream cheese,Nutella Mousse Cake
412,Nutella,Nutella Mousse Cake
413,powdered sugar,Nutella Mousse Cake
414,vanilla,Nutella Mousse Cake
415,salt,Nutella Mousse Cake
416,heavy cream,Nutella Mousse Cake
417,large egg yolks,Nutella Mousse Cake
418,sugar,Nutella Mousse Cake
419,heavy cream,Nutella Mousse Cake
420,semi-sweet chocolate chips,Nutella Mousse Cake
421,dark chocolate chips,Nutella Mousse Cake
422,Nutella,Nutella Mousse Cake
423,dark chocolate chips,Nutella Mousse Cake
424,heavy cream,Nutella Mousse Cake
425,beef chuck roast,Barbacoa Beef (Instant Pot or Slow Cooker)
426,salt and pepper to taste,Barbacoa Beef (Instant Pot or Slow Cooker)
427,olive oil,Barbacoa Beef (Instant Pot or Slow Cooker)
428,garlic cloves,Barbacoa Beef (Instant Pot or Slow Cooker)
429,sweet onion,Barbacoa Beef (Instant Pot or Slow Cooker)
430,large carrots,Barbacoa Beef (Instant Pot or Slow Cooker)
431,chipotle peppers in adobe sauce,Barbacoa Beef (Instant Pot or Slow Cooker)
432,cumin,Barbacoa Beef (Instant Pot or Slow Cooker)
433,oregano,Barbacoa Beef (Instant Pot or Slow Cooker)
434,ground cloves,Barbacoa Beef (Instant Pot or Slow Cooker)
435,chili powder,Barbacoa Beef (Instant Pot or Slow Cooker)
436,beef broth,Barbacoa Beef (Instant Pot or Slow Cooker)
437,apple cider vinegar,Barbacoa Beef (Instant Pot or Slow Cooker)
438,graham cracker crumbs,Instant Pot Key Lime Pie
439,light brown sugar,Instant Pot Key Lime Pie
440,unsalted butter,Instant Pot Key Lime Pie
441,large egg yolks,Instant Pot Key Lime Pie
442,sugar,Instant Pot Key Lime Pie
443,key lime juice,Instant Pot Key Lime Pie
444,zest 1 lime,Instant Pot Key Lime Pie
445,can sweetened condensed milk,Instant Pot Key Lime Pie
446,sour cream,Instant Pot Key Lime Pie
447,heavy whipping cream,Instant Pot Key Lime Pie
448,sugar,Instant Pot Key Lime Pie
449,key lime juice,Instant Pot Key Lime Pie
450,all purpose flour,Blueberry Zucchini Muffins
451,coconut flour,Blueberry Zucchini Muffins
452,baking soda,Blueberry Zucchini Muffins
453,salt,Blueberry Zucchini Muffins
454,zucchini,Blueberry Zucchini Muffins
455,sugar,Blueberry Zucchini Muffins
456,large eggs,Blueberry Zucchini Muffins
457,milk,Blueberry Zucchini Muffins
458,vegetable oil,Blueberry Zucchini Muffins
459,blueberries,Blueberry Zucchini Muffins
460,light brown sugar,Blueberry Zucchini Muffins
461,coconut flour,Blueberry Zucchini Muffins
462,oats,Blueberry Zucchini Muffins
463,butter,Blueberry Zucchini Muffins
464,can Thai Kitchen Coconut Cream,Dairy Free Instant Pot Yogurt
465,cans Coco Lopez Cream of Coconut,Dairy Free Instant Pot Yogurt
466,probiotic capsules,Dairy Free Instant Pot Yogurt
467,packet gelatin,Dairy Free Instant Pot Yogurt
468,smooth peanut butter,Asian Noodles with Peanut Sauce
469,honey,Asian Noodles with Peanut Sauce
470,Peanut Sauce,Asian Noodles with Peanut Sauce
471,dark brown sugar,Asian Noodles with Peanut Sauce
472,ground ginger powder,Asian Noodles with Peanut Sauce
473,garlic,Asian Noodles with Peanut Sauce
474,lime juice,Asian Noodles with Peanut Sauce
475,sesame oil,Asian Noodles with Peanut Sauce
476,Sriracha chili sauce,Asian Noodles with Peanut Sauce
477,rice vinegar,Asian Noodles with Peanut Sauce
478,soy sauce,Asian Noodles with Peanut Sauce
479,chicken broth,Asian Noodles with Peanut Sauce
480,chicken breast,Asian Noodles with Peanut Sauce
481,salt,Asian Noodles with Peanut Sauce
482,pepper,Asian Noodles with Peanut Sauce
483,Sriracha chili sauce,Asian Noodles with Peanut Sauce
484,soy sauce,Asian Noodles with Peanut Sauce
485,lime juice,Asian Noodles with Peanut Sauce
486,garlic,Asian Noodles with Peanut Sauce
487,ground ginger poweder,Asian Noodles with Peanut Sauce
488,vegetable oil,Asian Noodles with Peanut Sauce
489,large eggs,Asian Noodles with Peanut Sauce
490,vegetable oil,Asian Noodles with Peanut Sauce
491,broccoli slaw,Asian Noodles with Peanut Sauce
492,shredded carrots,Asian Noodles with Peanut Sauce
493,red pepper,Asian Noodles with Peanut Sauce
494,green onions,Asian Noodles with Peanut Sauce
495,garlic,Asian Noodles with Peanut Sauce
496,salt,Asian Noodles with Peanut Sauce
497,box rice noodles,Asian Noodles with Peanut Sauce
498,Limes,Asian Noodles with Peanut Sauce
499,Cilantro,Asian Noodles with Peanut Sauce
500,Peanuts,Asian Noodles with Peanut Sauce
501,unsalted butter,Brownie Pudding
502,large eggs,Brownie Pudding
503,white sugar,Brownie Pudding
504,light brown sugar,Brownie Pudding
505,vanilla,Brownie Pudding
506,cocoa powder,Brownie Pudding
507,all purpose flour,Brownie Pudding
508,almond flour,Brownie Pudding
509,ground beef,Easy Beef and Bean Chili (Slow Cooker or Instant Pot)
510,salt,Easy Beef and Bean Chili (Slow Cooker or Instant Pot)
511,garlic powder,Easy Beef and Bean Chili (Slow Cooker or Instant Pot)
512,onion powder,Easy Beef and Bean Chili (Slow Cooker or Instant Pot)
513,Ground black pepper,Easy Beef and Bean Chili (Slow Cooker or Instant Pot)
514,tomato paste,Easy Beef and Bean Chili (Slow Cooker or Instant Pot)
515,onion,Easy Beef and Bean Chili (Slow Cooker or Instant Pot)
516,red bell pepper,Easy Beef and Bean Chili (Slow Cooker or Instant Pot)
517,minced garlic,Easy Beef and Bean Chili (Slow Cooker or Instant Pot)
518,black beans,Easy Beef and Bean Chili (Slow Cooker or Instant Pot)
519,dark red kidney beans,Easy Beef and Bean Chili (Slow Cooker or Instant Pot)
520,northern white beans,Easy Beef and Bean Chili (Slow Cooker or Instant Pot)
521,diced tomatoes with chiles,Easy Beef and Bean Chili (Slow Cooker or Instant Pot)
522,tomato sauce,Easy Beef and Bean Chili (Slow Cooker or Instant Pot)
523,fire roasted tomatoes,Easy Beef and Bean Chili (Slow Cooker or Instant Pot)
524,frozen corn,Easy Beef and Bean Chili (Slow Cooker or Instant Pot)
525,ground cumin,Easy Beef and Bean Chili (Slow Cooker or Instant Pot)
526,dried oregano,Easy Beef and Bean Chili (Slow Cooker or Instant Pot)
527,+ 2 teaspoons chili powder,Easy Beef and Bean Chili (Slow Cooker or Instant Pot)
528,paprika,Easy Beef and Bean Chili (Slow Cooker or Instant Pot)
529,garlic powder,Easy Beef and Bean Chili (Slow Cooker or Instant Pot)
530,cinnamon,Easy Beef and Bean Chili (Slow Cooker or Instant Pot)
531,reduced sodium chicken broth,Easy Beef and Bean Chili (Slow Cooker or Instant Pot)
532,chicken breast,Chicken and Vegetable Salad with Yogurt Tahini Sauce
533,olive oil,Chicken and Vegetable Salad with Yogurt Tahini Sauce
534,dried dill,Chicken and Vegetable Salad with Yogurt Tahini Sauce
535,dried oregano,Chicken and Vegetable Salad with Yogurt Tahini Sauce
536,salt,Chicken and Vegetable Salad with Yogurt Tahini Sauce
537,pepper,Chicken and Vegetable Salad with Yogurt Tahini Sauce
538,lemon juice,Chicken and Vegetable Salad with Yogurt Tahini Sauce
539,cumin,Chicken and Vegetable Salad with Yogurt Tahini Sauce
540,dry lentils,Chicken and Vegetable Salad with Yogurt Tahini Sauce
541,dry quinoa,Chicken and Vegetable Salad with Yogurt Tahini Sauce
542,fresh dill,Chicken and Vegetable Salad with Yogurt Tahini Sauce
543,fresh oregano,Chicken and Vegetable Salad with Yogurt Tahini Sauce
544,olive oil,Chicken and Vegetable Salad with Yogurt Tahini Sauce
545,red wine vinegar,Chicken and Vegetable Salad with Yogurt Tahini Sauce
546,honey,Chicken and Vegetable Salad with Yogurt Tahini Sauce
547,kosher salt,Chicken and Vegetable Salad with Yogurt Tahini Sauce
548,lemon juice,Chicken and Vegetable Salad with Yogurt Tahini Sauce
549,black pepper,Chicken and Vegetable Salad with Yogurt Tahini Sauce
550,cardamom,Chicken and Vegetable Salad with Yogurt Tahini Sauce
551,red onion,Chicken and Vegetable Salad with Yogurt Tahini Sauce
552,sweet onion,Chicken and Vegetable Salad with Yogurt Tahini Sauce
553,bunch of green onions,Chicken and Vegetable Salad with Yogurt Tahini Sauce
554,bulb fennel,Chicken and Vegetable Salad with Yogurt Tahini Sauce
555,red pepper,Chicken and Vegetable Salad with Yogurt Tahini Sauce
556,orange pepper,Chicken and Vegetable Salad with Yogurt Tahini Sauce
557,zucchini,Chicken and Vegetable Salad with Yogurt Tahini Sauce
558,grape tomatoes,Chicken and Vegetable Salad with Yogurt Tahini Sauce
559,olive oil,Chicken and Vegetable Salad with Yogurt Tahini Sauce
560,salt and pepper to taste,Chicken and Vegetable Salad with Yogurt Tahini Sauce
561,greek yogurt,Chicken and Vegetable Salad with Yogurt Tahini Sauce
562,tahini,Chicken and Vegetable Salad with Yogurt Tahini Sauce
563,lemon juice,Chicken and Vegetable Salad with Yogurt Tahini Sauce
564,olive oil,Chicken and Vegetable Salad with Yogurt Tahini Sauce
565,salt,Chicken and Vegetable Salad with Yogurt Tahini Sauce
566,garlic powder,Chicken and Vegetable Salad with Yogurt Tahini Sauce
567,cumin,Chicken and Vegetable Salad with Yogurt Tahini Sauce
568,black pepper,Chicken and Vegetable Salad with Yogurt Tahini Sauce
569,ground beef,Homemade Hamburgers
570,sweet onion,Homemade Hamburgers
571,salt,Homemade Hamburgers
572,pepper,Homemade Hamburgers
573,worcestershire sauce,Homemade Hamburgers
574,hamburger buns,Homemade Hamburgers
575,"optional toppings: grilled onions, grilled green pepper, grilled pineapple",Homemade Hamburgers
576,chicken breast cut into bit size pieces,Lemon Chicken and Asparagus Risotto (Instant Pot or Stove Top)
577,pack of McCormick Grill Mates Baja Citrus Marinade,Lemon Chicken and Asparagus Risotto (Instant Pot or Stove Top)
578,of asparagus,Lemon Chicken and Asparagus Risotto (Instant Pot or Stove Top)
579,onion,Lemon Chicken and Asparagus Risotto (Instant Pot or Stove Top)
580,of butter,Lemon Chicken and Asparagus Risotto (Instant Pot or Stove Top)
581,dry white wine,Lemon Chicken and Asparagus Risotto (Instant Pot or Stove Top)
582,of chicken broth,Lemon Chicken and Asparagus Risotto (Instant Pot or Stove Top)
583,Arborio rice,Lemon Chicken and Asparagus Risotto (Instant Pot or Stove Top)
584,fresh lemon juice,Lemon Chicken and Asparagus Risotto (Instant Pot or Stove Top)
585,Salt,Lemon Chicken and Asparagus Risotto (Instant Pot or Stove Top)
586,Pepper,Lemon Chicken and Asparagus Risotto (Instant Pot or Stove Top)
587,grated parmesan cheese,Lemon Chicken and Asparagus Risotto (Instant Pot or Stove Top)
588,chopped flat-leaf parsley,Lemon Chicken and Asparagus Risotto (Instant Pot or Stove Top)
589,unsalted butter,Vanilla Cake with Chocolate Buttercream
590,sugar,Vanilla Cake with Chocolate Buttercream
591,large eggs,Vanilla Cake with Chocolate Buttercream
592,buttermilk,Vanilla Cake with Chocolate Buttercream
593,vanilla,Vanilla Cake with Chocolate Buttercream
594,all purpose flour,Vanilla Cake with Chocolate Buttercream
595,cornstarch,Vanilla Cake with Chocolate Buttercream
596,baking soda,Vanilla Cake with Chocolate Buttercream
597,baking powder,Vanilla Cake with Chocolate Buttercream
598,salt,Vanilla Cake with Chocolate Buttercream
599,unsalted butter,Vanilla Cake with Chocolate Buttercream
600,all vegetable shortening,Vanilla Cake with Chocolate Buttercream
601,cocoa powder,Vanilla Cake with Chocolate Buttercream
602,powdered sugar,Vanilla Cake with Chocolate Buttercream
603,salt,Vanilla Cake with Chocolate Buttercream
604,vanilla extract,Vanilla Cake with Chocolate Buttercream
605,heavy whipping cream,Vanilla Cake with Chocolate Buttercream
606,dark chocolate chips,Vanilla Cake with Chocolate Buttercream
607,light corn syrup,Vanilla Cake with Chocolate Buttercream
608,heavy whipping cream,Vanilla Cake with Chocolate Buttercream
609,chocolate chips,Vanilla Cake with Chocolate Buttercream
610,box Duncan Hines vanilla cake mix,Vanilla Cake with Peanut Butter Filling and Chocolate Buttercream Frosting
611,eggs,Vanilla Cake with Peanut Butter Filling and Chocolate Buttercream Frosting
612,oil,Vanilla Cake with Peanut Butter Filling and Chocolate Buttercream Frosting
613,package vanilla instant pudding,Vanilla Cake with Peanut Butter Filling and Chocolate Buttercream Frosting
614,buttermilk or 1.5 tbsp vinegar in 1milk- let sit for 5 minutes,Vanilla Cake with Peanut Butter Filling and Chocolate Buttercream Frosting
615,peanut butter,Vanilla Cake with Peanut Butter Filling and Chocolate Buttercream Frosting
616,vanilla extract,Vanilla Cake with Peanut Butter Filling and Chocolate Buttercream Frosting
617,powdered sugar sugar,Vanilla Cake with Peanut Butter Filling and Chocolate Buttercream Frosting
618,whole milk or heavy whipping cream,Vanilla Cake with Peanut Butter Filling and Chocolate Buttercream Frosting
619,unsalted butter room temperature,Vanilla Cake with Peanut Butter Filling and Chocolate Buttercream Frosting
620,shortening I use all vegetable shortening,Vanilla Cake with Peanut Butter Filling and Chocolate Buttercream Frosting
621,powdered sugar,Vanilla Cake with Peanut Butter Filling and Chocolate Buttercream Frosting
622,unsweetened cocoa powder,Vanilla Cake with Peanut Butter Filling and Chocolate Buttercream Frosting
623,fine sea salt,Vanilla Cake with Peanut Butter Filling and Chocolate Buttercream Frosting
624,milk or heavy whipping cream,Vanilla Cake with Peanut Butter Filling and Chocolate Buttercream Frosting
625,Hershey dark chocolate chips,Vanilla Cake with Peanut Butter Filling and Chocolate Buttercream Frosting
626,light corn syrup,Vanilla Cake with Peanut Butter Filling and Chocolate Buttercream Frosting
627,heavy whipping cream,Vanilla Cake with Peanut Butter Filling and Chocolate Buttercream Frosting
628,unsalted butter room temperature,Vanilla Cake with Peanut Butter Filling and Chocolate Buttercream Frosting
629,shortening,Vanilla Cake with Peanut Butter Filling and Chocolate Buttercream Frosting
630,creamy peanut butter,Vanilla Cake with Peanut Butter Filling and Chocolate Buttercream Frosting
631,powdered sugar,Vanilla Cake with Peanut Butter Filling and Chocolate Buttercream Frosting
632,heavy whipping cream,Vanilla Cake with Peanut Butter Filling and Chocolate Buttercream Frosting
633,of sea salt,Vanilla Cake with Peanut Butter Filling and Chocolate Buttercream Frosting
634,almond flour,Italian Almond Cookies
635,sugar,Italian Almond Cookies
636,egg,Italian Almond Cookies
637,Zest of 1 lemon,Italian Almond Cookies
638,almond extract,Italian Almond Cookies
639,chopped almonds,Italian Almond Cookies
640,powdered sugar,Italian Almond Cookies
641,chicken breasts,Roasted Vegetables and Chicken Risotto (Instant Pot or Stove Top)
642,packet of McCormick Grill Mates Zesty Herb,Roasted Vegetables and Chicken Risotto (Instant Pot or Stove Top)
643,vegetable oil,Roasted Vegetables and Chicken Risotto (Instant Pot or Stove Top)
644,white vinegar,Roasted Vegetables and Chicken Risotto (Instant Pot or Stove Top)
645,~10 stalks asparagus,Roasted Vegetables and Chicken Risotto (Instant Pot or Stove Top)
646,baby tomatoes,Roasted Vegetables and Chicken Risotto (Instant Pot or Stove Top)
647,medium yellow squash,Roasted Vegetables and Chicken Risotto (Instant Pot or Stove Top)
648,medium zucchini,Roasted Vegetables and Chicken Risotto (Instant Pot or Stove Top)
649,medium sweet onion,Roasted Vegetables and Chicken Risotto (Instant Pot or Stove Top)
650,salt,Roasted Vegetables and Chicken Risotto (Instant Pot or Stove Top)
651,pepper,Roasted Vegetables and Chicken Risotto (Instant Pot or Stove Top)
652,olive oil,Roasted Vegetables and Chicken Risotto (Instant Pot or Stove Top)
653,butter,Roasted Vegetables and Chicken Risotto (Instant Pot or Stove Top)
654,arborio rice,Roasted Vegetables and Chicken Risotto (Instant Pot or Stove Top)
655,white wine,Roasted Vegetables and Chicken Risotto (Instant Pot or Stove Top)
656,chicken broth,Roasted Vegetables and Chicken Risotto (Instant Pot or Stove Top)
657,lemon juice,Roasted Vegetables and Chicken Risotto (Instant Pot or Stove Top)
658,oregano,Roasted Vegetables and Chicken Risotto (Instant Pot or Stove Top)
659,dried basil,Roasted Vegetables and Chicken Risotto (Instant Pot or Stove Top)
660,garlic powder,Roasted Vegetables and Chicken Risotto (Instant Pot or Stove Top)
661,shredded mozzarella cheese,Roasted Vegetables and Chicken Risotto (Instant Pot or Stove Top)
662,fresh basil or parsley for topping,Roasted Vegetables and Chicken Risotto (Instant Pot or Stove Top)
663,chicken breasts sliced in half,Rolled Chicken Saltimboca
664,Salt & pepper,Rolled Chicken Saltimboca
665,olive oil,Rolled Chicken Saltimboca
666,garlic,Rolled Chicken Saltimboca
667,fresh baby spinach,Rolled Chicken Saltimboca
668,lemon juice,Rolled Chicken Saltimboca
669,prosciutto,Rolled Chicken Saltimboca
670,mozzarella cheese,Rolled Chicken Saltimboca
671,seasoned panko breadcrumbs,Rolled Chicken Saltimboca
672,ground sage,Rolled Chicken Saltimboca
673,pepper,Rolled Chicken Saltimboca
674,ground beef,Salisbury Steak
675,large eggs,Salisbury Steak
676,tomato paste,Salisbury Steak
677,worcestershire sauce,Salisbury Steak
678,garlic powder,Salisbury Steak
679,dry,Salisbury Steak
680,black pepper,Salisbury Steak
681,seasoned salt,Salisbury Steak
682,paprika,Salisbury Steak
683,red wine vinegar,Salisbury Steak
684,olive oil,Salisbury Steak
685,butter,Salisbury Steak
686,large sweet onions,Salisbury Steak
687,all purpose flour,Salisbury Steak
688,dried thyme,Salisbury Steak
689,beef broth,Salisbury Steak
690,reduced sodium soy sauce,Salisbury Steak
691,ketchup,Salisbury Steak
692,paprika,Salisbury Steak
693,seasoned salt,Salisbury Steak
694,chicken breast,Tandoori Chicken with Peanut Sauce
695,plain Greek yogurt,Tandoori Chicken with Peanut Sauce
696,lime juice,Tandoori Chicken with Peanut Sauce
697,olive oil,Tandoori Chicken with Peanut Sauce
698,coriander powder,Tandoori Chicken with Peanut Sauce
699,cumin powder,Tandoori Chicken with Peanut Sauce
700,tumeric,Tandoori Chicken with Peanut Sauce
701,cayenne pepper,Tandoori Chicken with Peanut Sauce
702,sea salt,Tandoori Chicken with Peanut Sauce
703,black pepper,Tandoori Chicken with Peanut Sauce
704,ground cloves,Tandoori Chicken with Peanut Sauce
705,cardamom,Tandoori Chicken with Peanut Sauce
706,cinnamon,Tandoori Chicken with Peanut Sauce
707,nutmeg,Tandoori Chicken with Peanut Sauce
708,peanut butter,Tandoori Chicken with Peanut Sauce
709,coconut milk,Tandoori Chicken with Peanut Sauce
710,soy sauce,Tandoori Chicken with Peanut Sauce
711,honey,Tandoori Chicken with Peanut Sauce
712,garlic powder,Tandoori Chicken with Peanut Sauce
713,ginger powder,Tandoori Chicken with Peanut Sauce
714,sesame oil,Tandoori Chicken with Peanut Sauce
715,salt,Tandoori Chicken with Peanut Sauce
716,Naan,Tandoori Chicken with Peanut Sauce
717,chopped red onion,Tandoori Chicken with Peanut Sauce
718,chopped cucumber,Tandoori Chicken with Peanut Sauce
719,chopped cilantro,Tandoori Chicken with Peanut Sauce
720,all purpose flour,Jamaican Beef Patties
721,salt,Jamaican Beef Patties
722,curry powder,Jamaican Beef Patties
723,unsalted butter,Jamaican Beef Patties
724,water,Jamaican Beef Patties
725,olive oil,Jamaican Beef Patties
726,ground beef,Jamaican Beef Patties
727,salt,Jamaican Beef Patties
728,pepper,Jamaican Beef Patties
729,onion,Jamaican Beef Patties
730,jalapeno pepper,Jamaican Beef Patties
731,garlic,Jamaican Beef Patties
732,green pepper,Jamaican Beef Patties
733,all spice,Jamaican Beef Patties
734,ground thyme,Jamaican Beef Patties
735,ketchup,Jamaican Beef Patties
736,worcestershire sauce,Jamaican Beef Patties
737,cayenne pepper,Jamaican Beef Patties
738,tumeric,Jamaican Beef Patties
739,beef broth,Jamaican Beef Patties
740,water,Jamaican Beef Patties
741,plain bread crumbs,Jamaican Beef Patties
742,large egg,Jamaican Beef Patties
743,green onions,Jamaican Beef Patties
744,sugar,Caramelized Banana Pudding
745,all purpose flour,Caramelized Banana Pudding
746,salt,Caramelized Banana Pudding
747,egg yolks,Caramelized Banana Pudding
748,milk,Caramelized Banana Pudding
749,vanilla extract,Caramelized Banana Pudding
750,light brown sugar,Caramelized Banana Pudding
751,unsalted butter,Caramelized Banana Pudding
752,cinnamon,Caramelized Banana Pudding
753,large bananas,Caramelized Banana Pudding
754,box Nilla wafers,Caramelized Banana Pudding
755,egg whites,Caramelized Banana Pudding
756,sugar,Caramelized Banana Pudding
757,sweetened coconut flakes,Toasted Coconut Lime Zucchini Bread
758,all purpose flour,Toasted Coconut Lime Zucchini Bread
759,baking soda,Toasted Coconut Lime Zucchini Bread
760,baking powder,Toasted Coconut Lime Zucchini Bread
761,salt,Toasted Coconut Lime Zucchini Bread
762,cinnamon,Toasted Coconut Lime Zucchini Bread
763,brown sugar,Toasted Coconut Lime Zucchini Bread
764,sugar,Toasted Coconut Lime Zucchini Bread
765,grated zucchini,Toasted Coconut Lime Zucchini Bread
766,vegetable oil,Toasted Coconut Lime Zucchini Bread
767,eggs,Toasted Coconut Lime Zucchini Bread
768,vanilla,Toasted Coconut Lime Zucchini Bread
769,lime juice,Toasted Coconut Lime Zucchini Bread
770,zest of 1 lime,Toasted Coconut Lime Zucchini Bread
771,powdered sugar,Toasted Coconut Lime Zucchini Bread
772,ground beef,Sloppy Joes
773,seasoned salt,Sloppy Joes
774,onion powder,Sloppy Joes
775,onion,Sloppy Joes
776,green bell pepper,Sloppy Joes
777,large carrot,Sloppy Joes
778,garlic,Sloppy Joes
779,marinara sauce,Sloppy Joes
780,ketchup,Sloppy Joes
781,brown sugar,Sloppy Joes
782,chili powder,Sloppy Joes
783,red pepper,Sloppy Joes
784,red wine vinegar,Sloppy Joes
785,worcestershire sauce,Sloppy Joes
786,hamburger buns,Sloppy Joes
787,"chicken breasts,",Oven Fried Chicken
788,buttermilk,Oven Fried Chicken
789,paprika,Oven Fried Chicken
790,kosher salt,Oven Fried Chicken
791,lemon herb seasoning,Oven Fried Chicken
792,fresh garlic,Oven Fried Chicken
793,cayenne pepper,Oven Fried Chicken
794,juice from 1/2 lemon,Oven Fried Chicken
795,eggs,Oven Fried Chicken
796,seasoned panko,Oven Fried Chicken
797,crushed saltine crackers,Oven Fried Chicken
798,grated parmesan cheese,Oven Fried Chicken
799,kosher salt,Oven Fried Chicken
800,dried parsley,Oven Fried Chicken
801,cayenne pepper,Oven Fried Chicken
802,onion powder,Oven Fried Chicken
803,garlic powder,Oven Fried Chicken
804,chili powder,Oven Fried Chicken
805,black pepper,Oven Fried Chicken
806,vegetable oil,Oven Fried Chicken
807,container of flavored ice cream,Easy Homemade Ice Cream Cake
808,container of vanilla ice cream,Easy Homemade Ice Cream Cake
809,jar of hot fudge,Easy Homemade Ice Cream Cake
810,oreo cookies,Easy Homemade Ice Cream Cake
811,container Cool Whip,Easy Homemade Ice Cream Cake
812,semi-sweet chocolate,Peanut Butter Chocolate Mousse Cake
813,cocoa powder,Peanut Butter Chocolate Mousse Cake
814,strong hot coffee,Peanut Butter Chocolate Mousse Cake
815,all purpose flour,Peanut Butter Chocolate Mousse Cake
816,salt,Peanut Butter Chocolate Mousse Cake
817,baking powder,Peanut Butter Chocolate Mousse Cake
818,vegetable oil,Peanut Butter Chocolate Mousse Cake
819,sugar,Peanut Butter Chocolate Mousse Cake
820,vanilla extract,Peanut Butter Chocolate Mousse Cake
821,buttermilk,Peanut Butter Chocolate Mousse Cake
822,egg,Peanut Butter Chocolate Mousse Cake
823,cream cheese,Peanut Butter Chocolate Mousse Cake
824,peanut butter,Peanut Butter Chocolate Mousse Cake
825,powdered sugar,Peanut Butter Chocolate Mousse Cake
826,vanilla,Peanut Butter Chocolate Mousse Cake
827,salt,Peanut Butter Chocolate Mousse Cake
828,heavy cream,Peanut Butter Chocolate Mousse Cake
829,large egg yolks,Peanut Butter Chocolate Mousse Cake
830,sugar,Peanut Butter Chocolate Mousse Cake
831,heavy cream,Peanut Butter Chocolate Mousse Cake
832,semi-sweet chocolate chips,Peanut Butter Chocolate Mousse Cake
833,dark chocolate chips,Peanut Butter Chocolate Mousse Cake
834,dark chocolate chips,Peanut Butter Chocolate Mousse Cake
835,light corn syrup,Peanut Butter Chocolate Mousse Cake
836,heavy cream,Peanut Butter Chocolate Mousse Cake
837,semi-sweet chocolate,Chocolate Cupcakes with Milka Oreo Ganache Filling & Buttercream Frosting
838,cocoa powder,Chocolate Cupcakes with Milka Oreo Ganache Filling & Buttercream Frosting
839,strong hot coffee,Chocolate Cupcakes with Milka Oreo Ganache Filling & Buttercream Frosting
840,all purpose flour,Chocolate Cupcakes with Milka Oreo Ganache Filling & Buttercream Frosting
841,salt,Chocolate Cupcakes with Milka Oreo Ganache Filling & Buttercream Frosting
842,baking soda,Chocolate Cupcakes with Milka Oreo Ganache Filling & Buttercream Frosting
843,vegetable oil,Chocolate Cupcakes with Milka Oreo Ganache Filling & Buttercream Frosting
844,sugar,Chocolate Cupcakes with Milka Oreo Ganache Filling & Buttercream Frosting
845,vanilla extract,Chocolate Cupcakes with Milka Oreo Ganache Filling & Buttercream Frosting
846,buttermilk,Chocolate Cupcakes with Milka Oreo Ganache Filling & Buttercream Frosting
847,eggs,Chocolate Cupcakes with Milka Oreo Ganache Filling & Buttercream Frosting
848,Milka Oreo candy bars,Chocolate Cupcakes with Milka Oreo Ganache Filling & Buttercream Frosting
849,semi-sweet chocolate chips,Chocolate Cupcakes with Milka Oreo Ganache Filling & Buttercream Frosting
850,heavy whipping cream,Chocolate Cupcakes with Milka Oreo Ganache Filling & Buttercream Frosting
851,Milka Oreo candy bars,Chocolate Cupcakes with Milka Oreo Ganache Filling & Buttercream Frosting
852,unsalted butter,Chocolate Cupcakes with Milka Oreo Ganache Filling & Buttercream Frosting
853,powdered sugar,Chocolate Cupcakes with Milka Oreo Ganache Filling & Buttercream Frosting
854,Salt,Chocolate Cupcakes with Milka Oreo Ganache Filling & Buttercream Frosting
855,unsalted butter,Peanut Butter Stuffed Chocolate Chip Cookies
856,sugar,Peanut Butter Stuffed Chocolate Chip Cookies
857,light brown sugar,Peanut Butter Stuffed Chocolate Chip Cookies
858,large eggs,Peanut Butter Stuffed Chocolate Chip Cookies
859,vanilla extract,Peanut Butter Stuffed Chocolate Chip Cookies
860,all purpose flour,Peanut Butter Stuffed Chocolate Chip Cookies
861,cornstarch,Peanut Butter Stuffed Chocolate Chip Cookies
862,baking soda,Peanut Butter Stuffed Chocolate Chip Cookies
863,salt,Peanut Butter Stuffed Chocolate Chip Cookies
864,mini semi-sweet chocolate chips,Peanut Butter Stuffed Chocolate Chip Cookies
865,milk chocolate chips,Peanut Butter Stuffed Chocolate Chip Cookies
866,peanut butter,Peanut Butter Stuffed Chocolate Chip Cookies
867,boneless chicken breasts,Fajita Stuffed Chicken
868,chicken broth,Fajita Stuffed Chicken
869,olive oil,Fajita Stuffed Chicken
870,white vinegar,Fajita Stuffed Chicken
871,cumin,Fajita Stuffed Chicken
872,garlic powder,Fajita Stuffed Chicken
873,onion powder,Fajita Stuffed Chicken
874,salt,Fajita Stuffed Chicken
875,lemon pepper seasoning,Fajita Stuffed Chicken
876,chili powder,Fajita Stuffed Chicken
877,drops of Cholula chili lime hot sauce,Fajita Stuffed Chicken
878,olive oil,Fajita Stuffed Chicken
879,red pepper,Fajita Stuffed Chicken
880,green pepper,Fajita Stuffed Chicken
881,sweet onion,Fajita Stuffed Chicken
882,shredded Mexican cheese blend,Fajita Stuffed Chicken
883,white rice,Fajita Stuffed Chicken
884,butter,Fajita Stuffed Chicken
885,water,Fajita Stuffed Chicken
886,packet Sazon Goya,Fajita Stuffed Chicken
887,salt to taste,Fajita Stuffed Chicken
888,Salsa,Fajita Stuffed Chicken
889,Cilantro,Fajita Stuffed Chicken
890,Sour Cream,Fajita Stuffed Chicken
891,Baker's German's sweet chocolate,German Chocolate Cake
892,water,German Chocolate Cake
893,unsalted butter,German Chocolate Cake
894,white sugar,German Chocolate Cake
895,large eggs,German Chocolate Cake
896,vanilla extract,German Chocolate Cake
897,buttermilk,German Chocolate Cake
898,plus 2 tbsp all purpose flour,German Chocolate Cake
899,cornstarch,German Chocolate Cake
900,salt,German Chocolate Cake
901,baking soda,German Chocolate Cake
902,sweetened coconut,German Chocolate Cake
903,chopped pecans,German Chocolate Cake
904,egg yolks,German Chocolate Cake
905,can evaporated milk,German Chocolate Cake
906,vanilla extract,German Chocolate Cake
907,sugar,German Chocolate Cake
908,unsalted butter,German Chocolate Cake
909,salt,German Chocolate Cake
910,unsalted butter,German Chocolate Cake
911,all vegetable shortening,German Chocolate Cake
912,cocoa powder,German Chocolate Cake
913,powdered sugar,German Chocolate Cake
914,sea salt,German Chocolate Cake
915,milk or heavy cream,German Chocolate Cake
916,butter,Skillet Brookie
917,large egg,Skillet Brookie
918,sugar,Skillet Brookie
919,light brown sugar,Skillet Brookie
920,vanilla extract,Skillet Brookie
921,all purpose flour,Skillet Brookie
922,cocoa powder,Skillet Brookie
923,salt,Skillet Brookie
924,baking powder,Skillet Brookie
925,butter,Skillet Brookie
926,sugar,Skillet Brookie
927,light brown sugar,Skillet Brookie
928,large egg,Skillet Brookie
929,milk,Skillet Brookie
930,vanilla,Skillet Brookie
931,all purpose flour,Skillet Brookie
932,cornstarch,Skillet Brookie
933,salt,Skillet Brookie
934,baking soda,Skillet Brookie
935,plus 2 tbsp semi-sweet chocolate chips,Skillet Brookie
936,plus 2 tbsp milk chocolate chunks,Skillet Brookie
937,chicken breasts,Hint of Lime CrockPot Chicken Chili
938,onion,Hint of Lime CrockPot Chicken Chili
939,can black beans,Hint of Lime CrockPot Chicken Chili
940,can light red kidney beans,Hint of Lime CrockPot Chicken Chili
941,can tomato sauce,Hint of Lime CrockPot Chicken Chili
942,bag frozen corn,Hint of Lime CrockPot Chicken Chili
943,can diced tomatoes with green chiles,Hint of Lime CrockPot Chicken Chili
944,bag frozen peppers and onions,Hint of Lime CrockPot Chicken Chili
945,pack McCormick Grill Mates Mojito Lime Marinade,Hint of Lime CrockPot Chicken Chili
946,cumin,Hint of Lime CrockPot Chicken Chili
947,chili powder,Hint of Lime CrockPot Chicken Chili
948,dried oregano,Hint of Lime CrockPot Chicken Chili
949,salsa,Hint of Lime CrockPot Chicken Chili
950,chicken broth,Hint of Lime CrockPot Chicken Chili
951,for serving: fresh lime juice,Hint of Lime CrockPot Chicken Chili
952,of chicken breasts  ,Chicken and Andouille Sausage Burritos
953,package of smoked andouille sausage,Chicken and Andouille Sausage Burritos
954,Olive oil,Chicken and Andouille Sausage Burritos
955,Salt,Chicken and Andouille Sausage Burritos
956,Pepper,Chicken and Andouille Sausage Burritos
957,garlic,Chicken and Andouille Sausage Burritos
958,chopped cilantro,Chicken and Andouille Sausage Burritos
959,lime,Chicken and Andouille Sausage Burritos
960,bell peppers (red,Chicken and Andouille Sausage Burritos
961,large sweet onion,Chicken and Andouille Sausage Burritos
962,jar of salsa verde,Chicken and Andouille Sausage Burritos
963,jar of red salsa of choice,Chicken and Andouille Sausage Burritos
964,package of yellow rice,Chicken and Andouille Sausage Burritos
965,can of refried beans,Chicken and Andouille Sausage Burritos
966,Shredded Mexican cheese for topping,Chicken and Andouille Sausage Burritos
967,burrito tortillas,Chicken and Andouille Sausage Burritos
968,wonton wrappers,Wonton Taco Cups
969,ground beef,Wonton Taco Cups
970,package taco seasoning,Wonton Taco Cups
971,mixed cheese,Wonton Taco Cups
972,Toppings: sour cream,Wonton Taco Cups
973,all purpose flour,Homemade Apple Pie
974,almond flour,Homemade Apple Pie
975,salt,Homemade Apple Pie
976,sugar,Homemade Apple Pie
977,unsalted butter,Homemade Apple Pie
978,cold water,Homemade Apple Pie
979,vinegar,Homemade Apple Pie
980,unsalted butter,Homemade Apple Pie
981,all purpose flour,Homemade Apple Pie
982,vanilla,Homemade Apple Pie
983,cinnamon,Homemade Apple Pie
984,nutmeg,Homemade Apple Pie
985,water,Homemade Apple Pie
986,white sugar,Homemade Apple Pie
987,packed brown sugar,Homemade Apple Pie
988,Granny Smith apples,Homemade Apple Pie
989,chicken breasts,Chicken and Roasted Vegetable Enchilada Casserole
990,pack McCormick original taco seasoning mix,Chicken and Roasted Vegetable Enchilada Casserole
991,bell peppers,Chicken and Roasted Vegetable Enchilada Casserole
992,zucchini,Chicken and Roasted Vegetable Enchilada Casserole
993,yellow squash,Chicken and Roasted Vegetable Enchilada Casserole
994,onion,Chicken and Roasted Vegetable Enchilada Casserole
995,olive oil,Chicken and Roasted Vegetable Enchilada Casserole
996,can black beans,Chicken and Roasted Vegetable Enchilada Casserole
997,ground cumin,Chicken and Roasted Vegetable Enchilada Casserole
998,chili powder,Chicken and Roasted Vegetable Enchilada Casserole
999,garlic cloves,Chicken and Roasted Vegetable Enchilada Casserole
1000,chopped cilantro,Chicken and Roasted Vegetable Enchilada Casserole
1001,Salt to taste,Chicken and Roasted Vegetable Enchilada Casserole
1002,Pepper to taste,Chicken and Roasted Vegetable Enchilada Casserole
1003,28oz can medium red enchilada sauce,Chicken and Roasted Vegetable Enchilada Casserole
1004,Pack of small corn tortillas,Chicken and Roasted Vegetable Enchilada Casserole
1005,shredded Mexican cheese,Chicken and Roasted Vegetable Enchilada Casserole
1006,sugar,Hot Milk Cake
1007,eggs,Hot Milk Cake
1008,baking powder,Hot Milk Cake
1009,all purpose flour,Hot Milk Cake
1010,milk,Hot Milk Cake
1011,salted butter,Hot Milk Cake
1012,vanilla,Hot Milk Cake
1013,salted butter,Hot Milk Cake
1014,"shredded coconut, sweetened ",Hot Milk Cake
1015,heavy whipping cream,Hot Milk Cake
1016,light brown sugar,Hot Milk Cake
1017,zest of 1 lemon,Chicken and Vegetable Farro Salad
1018,juice of 1 lemon,Chicken and Vegetable Farro Salad
1019,white wine vinegar,Chicken and Vegetable Farro Salad
1020,honey,Chicken and Vegetable Farro Salad
1021,garlic,Chicken and Vegetable Farro Salad
1022,kosher salt,Chicken and Vegetable Farro Salad
1023,pepper,Chicken and Vegetable Farro Salad
1024,ground thyme,Chicken and Vegetable Farro Salad
1025,cardamom,Chicken and Vegetable Farro Salad
1026,olive oil,Chicken and Vegetable Farro Salad
1027,chicken breast,Chicken and Vegetable Farro Salad
1028,red onion,Chicken and Vegetable Farro Salad
1029,mini sweet peppers,Chicken and Vegetable Farro Salad
1030,vine ripe tomatoes,Chicken and Vegetable Farro Salad
1031,~2 tbsp olive oil,Chicken and Vegetable Farro Salad
1032,salt and pepper,Chicken and Vegetable Farro Salad
1033,parsley,Chicken and Vegetable Farro Salad
1034,basil,Chicken and Vegetable Farro Salad
1035,fresh thyme,Chicken and Vegetable Farro Salad
1036,fresh rosemary,Chicken and Vegetable Farro Salad
1037,dry farro,Chicken and Vegetable Farro Salad
1038,kosher salt,Chicken and Vegetable Farro Salad
1039,garlic,Chicken and Vegetable Farro Salad
1040,pepper,Chicken and Vegetable Farro Salad
1041,olive oil,Chicken and Vegetable Farro Salad
1042,all purpose flour,Lemon Cake with Lemon Oreo Filling
1043,cornstarch,Lemon Cake with Lemon Oreo Filling
1044,salt,Lemon Cake with Lemon Oreo Filling
1045,baking soda,Lemon Cake with Lemon Oreo Filling
1046,baking powder,Lemon Cake with Lemon Oreo Filling
1047,sugar,Lemon Cake with Lemon Oreo Filling
1048,extra large eggs or 4 large eggs,Lemon Cake with Lemon Oreo Filling
1049,vegetable oil,Lemon Cake with Lemon Oreo Filling
1050,fresh lemon juice from about 1.5 large lemons,Lemon Cake with Lemon Oreo Filling
1051,lemon zest from about 1 large lemon,Lemon Cake with Lemon Oreo Filling
1052,sour cream,Lemon Cake with Lemon Oreo Filling
1053,lemon Oreo thins,Lemon Cake with Lemon Oreo Filling
1054,butter,Lemon Cake with Lemon Oreo Filling
1055,powdered sugar,Lemon Cake with Lemon Oreo Filling
1056,almond extract,Lemon Cake with Lemon Oreo Filling
1057,milk,Lemon Cake with Lemon Oreo Filling
1058,almond flour,Lemon Cake with Lemon Oreo Filling
1059,cream cheese,Lemon Cake with Lemon Oreo Filling
1060,Cool Whip,Lemon Cake with Lemon Oreo Filling
1061,sugar,Lemon Cake with Lemon Oreo Filling
1062,powdered sugar,Lemon Cake with Lemon Oreo Filling
1063,lemon zest,Lemon Cake with Lemon Oreo Filling
1064,lemon juice,Lemon Cake with Lemon Oreo Filling
1065,chicken breasts,Chicken Tikka Masala (Slow Cooker or Instant Pot)
1066,kosher salt,Chicken Tikka Masala (Slow Cooker or Instant Pot)
1067,butter,Chicken Tikka Masala (Slow Cooker or Instant Pot)
1068,onion,Chicken Tikka Masala (Slow Cooker or Instant Pot)
1069,garlic,Chicken Tikka Masala (Slow Cooker or Instant Pot)
1070,fresh grated ginger,Chicken Tikka Masala (Slow Cooker or Instant Pot)
1071,cayenne pepper,Chicken Tikka Masala (Slow Cooker or Instant Pot)
1072,paprika,Chicken Tikka Masala (Slow Cooker or Instant Pot)
1073,chili powder,Chicken Tikka Masala (Slow Cooker or Instant Pot)
1074,tumeric,Chicken Tikka Masala (Slow Cooker or Instant Pot)
1075,cumin,Chicken Tikka Masala (Slow Cooker or Instant Pot)
1076,cardamon,Chicken Tikka Masala (Slow Cooker or Instant Pot)
1077,garam masala,Chicken Tikka Masala (Slow Cooker or Instant Pot)
1078,coriander,Chicken Tikka Masala (Slow Cooker or Instant Pot)
1079,crushed tomatoes,Chicken Tikka Masala (Slow Cooker or Instant Pot)
1080,coconut milk,Chicken Tikka Masala (Slow Cooker or Instant Pot)
1081,"cilantro, jasmine rice, naan",Chicken Tikka Masala (Slow Cooker or Instant Pot)
1082,chicken breast,Apple Stuffed Chicken with Sage Sauce
1083,chicken broth,Apple Stuffed Chicken with Sage Sauce
1084,lemon pepper seasoning,Apple Stuffed Chicken with Sage Sauce
1085,smoked paprika,Apple Stuffed Chicken with Sage Sauce
1086,salt,Apple Stuffed Chicken with Sage Sauce
1087,olive oil,Apple Stuffed Chicken with Sage Sauce
1088,sharp cheddar cheese,Apple Stuffed Chicken with Sage Sauce
1089,medium sized apple,Apple Stuffed Chicken with Sage Sauce
1090,butter,Apple Stuffed Chicken with Sage Sauce
1091,sage leaves,Apple Stuffed Chicken with Sage Sauce
1092,buttermilk,Blueberry English Muffins
1093,sugar,Blueberry English Muffins
1094,package yeast,Blueberry English Muffins
1095,warm water,Blueberry English Muffins
1096,melted butter,Blueberry English Muffins
1097,all purpose flour,Blueberry English Muffins
1098,whole wheat flour,Blueberry English Muffins
1099,salt,Blueberry English Muffins
1100,blueberries,Blueberry English Muffins
1101,corn meal for dusting,Blueberry English Muffins
1102,ground pork,Asian Pork Meatball Sandwich
1103,large egg,Asian Pork Meatball Sandwich
1104,plain panko bread crumbs,Asian Pork Meatball Sandwich
1105,chives,Asian Pork Meatball Sandwich
1106,salt,Asian Pork Meatball Sandwich
1107,garlic powder,Asian Pork Meatball Sandwich
1108,black pepper,Asian Pork Meatball Sandwich
1109,olive oil,Asian Pork Meatball Sandwich
1110,onion,Asian Pork Meatball Sandwich
1111,soy sauce,Asian Pork Meatball Sandwich
1112,salt,Asian Pork Meatball Sandwich
1113,black pepper,Asian Pork Meatball Sandwich
1114,paprika,Asian Pork Meatball Sandwich
1115,brown sugar,Asian Pork Meatball Sandwich
1116,garlic,Asian Pork Meatball Sandwich
1117,tomato sauce,Asian Pork Meatball Sandwich
1118,marinara sauce,Asian Pork Meatball Sandwich
1119,tomato sauce,Asian Pork Meatball Sandwich
1120,sub rolls,Asian Pork Meatball Sandwich
1121,cilantro,Asian Pork Meatball Sandwich
1122,grits,Sausage and Grits
1123,chicken broth,Sausage and Grits
1124,milk,Sausage and Grits
1125,salt,Sausage and Grits
1126,unsalted butter,Sausage and Grits
1127,shredded cheddar cheese,Sausage and Grits
1128,thick cut bacon,Sausage and Grits
1129,orange bell pepper,Sausage and Grits
1130,red bell pepper,Sausage and Grits
1131,yellow bell pepper,Sausage and Grits
1132,large sweet onion,Sausage and Grits
1133,garlic,Sausage and Grits
1134,Old Bay seasoning,Sausage and Grits
1135,lemon juice,Sausage and Grits
1136,package Andouille sausage,Sausage and Grits
1137,butter,Sausage and Grits
1138,water,Sausage and Grits
1139,all purpose flour,Sausage and Grits
1140,salt,Sausage and Grits
1141,cayenne pepper,Sausage and Grits
1142,garlic powder,Sausage and Grits
1143,Worcestershire sauce,Sausage and Grits
1144,Tabasco sauce,Sausage and Grits
1145,green onions,Sausage and Grits
1146,almond flour,Rustic Peach Blueberry Tart
1147,all purpose flour,Rustic Peach Blueberry Tart
1148,sugar,Rustic Peach Blueberry Tart
1149,salt,Rustic Peach Blueberry Tart
1150,unsalted butter,Rustic Peach Blueberry Tart
1151,very cold water,Rustic Peach Blueberry Tart
1152,almond extract,Rustic Peach Blueberry Tart
1153,egg,Rustic Peach Blueberry Tart
1154,peaches,Rustic Peach Blueberry Tart
1155,sugar,Rustic Peach Blueberry Tart
1156,brown sugar,Rustic Peach Blueberry Tart
1157,cornstarch,Rustic Peach Blueberry Tart
1158,cinnamon,Rustic Peach Blueberry Tart
1159,nutmeg,Rustic Peach Blueberry Tart
1160,lemon juice,Rustic Peach Blueberry Tart
1161,almond extract,Rustic Peach Blueberry Tart
1162,blueberries,Rustic Peach Blueberry Tart
1163,chicken breasts,Shredded BBQ Chicken Sliders (Instant Pot or Slow Cooker)
1164,olive oil,Shredded BBQ Chicken Sliders (Instant Pot or Slow Cooker)
1165,onion,Shredded BBQ Chicken Sliders (Instant Pot or Slow Cooker)
1166,garlic,Shredded BBQ Chicken Sliders (Instant Pot or Slow Cooker)
1167,tomato sauce,Shredded BBQ Chicken Sliders (Instant Pot or Slow Cooker)
1168,molasses,Shredded BBQ Chicken Sliders (Instant Pot or Slow Cooker)
1169,brown sugar,Shredded BBQ Chicken Sliders (Instant Pot or Slow Cooker)
1170,apple cider vinegar,Shredded BBQ Chicken Sliders (Instant Pot or Slow Cooker)
1171,tomato paste,Shredded BBQ Chicken Sliders (Instant Pot or Slow Cooker)
1172,liquid smoke,Shredded BBQ Chicken Sliders (Instant Pot or Slow Cooker)
1173,paprika,Shredded BBQ Chicken Sliders (Instant Pot or Slow Cooker)
1174,chili powder,Shredded BBQ Chicken Sliders (Instant Pot or Slow Cooker)
1175,cinnamon,Shredded BBQ Chicken Sliders (Instant Pot or Slow Cooker)
1176,Sriracha chili sauce,Shredded BBQ Chicken Sliders (Instant Pot or Slow Cooker)
1177,broccoli slaw,Shredded BBQ Chicken Sliders (Instant Pot or Slow Cooker)
1178,red pepper,Shredded BBQ Chicken Sliders (Instant Pot or Slow Cooker)
1179,shredded carrots,Shredded BBQ Chicken Sliders (Instant Pot or Slow Cooker)
1180,sugar,Shredded BBQ Chicken Sliders (Instant Pot or Slow Cooker)
1181,salt,Shredded BBQ Chicken Sliders (Instant Pot or Slow Cooker)
1182,vegetable oil,Shredded BBQ Chicken Sliders (Instant Pot or Slow Cooker)
1183,rice vinegar,Shredded BBQ Chicken Sliders (Instant Pot or Slow Cooker)
1184,Slider buns,Shredded BBQ Chicken Sliders (Instant Pot or Slow Cooker)
1185,of unsalted butter,Brown Butter Sea Salt Caramel Chocolate Chip Cookies
1186,whole milk,Brown Butter Sea Salt Caramel Chocolate Chip Cookies
1187,granulated sugar,Brown Butter Sea Salt Caramel Chocolate Chip Cookies
1188,light brown sugar,Brown Butter Sea Salt Caramel Chocolate Chip Cookies
1189,large eggs,Brown Butter Sea Salt Caramel Chocolate Chip Cookies
1190,pure vanilla extract,Brown Butter Sea Salt Caramel Chocolate Chip Cookies
1191,all purpose flour,Brown Butter Sea Salt Caramel Chocolate Chip Cookies
1192,salt,Brown Butter Sea Salt Caramel Chocolate Chip Cookies
1193,baking soda,Brown Butter Sea Salt Caramel Chocolate Chip Cookies
1194,cornstarch,Brown Butter Sea Salt Caramel Chocolate Chip Cookies
1195,semi-sweet chocolate chips plus 2 tablespoons,Brown Butter Sea Salt Caramel Chocolate Chip Cookies
1196,caramel chips plus 2 tablespoons,Brown Butter Sea Salt Caramel Chocolate Chip Cookies
1197,sea salt,Brown Butter Sea Salt Caramel Chocolate Chip Cookies
1198,almond flour,Pumpkin Breakfast Bars
1199,plus 1/4 cup all purpose flour,Pumpkin Breakfast Bars
1200,cornstarch,Pumpkin Breakfast Bars
1201,old fashioned oats,Pumpkin Breakfast Bars
1202,salt,Pumpkin Breakfast Bars
1203,baking powder,Pumpkin Breakfast Bars
1204,pumpkin pie spice,Pumpkin Breakfast Bars
1205,cinnamon,Pumpkin Breakfast Bars
1206,canned pumpkin puree,Pumpkin Breakfast Bars
1207,honey,Pumpkin Breakfast Bars
1208,vanilla,Pumpkin Breakfast Bars
1209,butter,Pumpkin Breakfast Bars
1210,large eggs,Pumpkin Breakfast Bars
1211,plus 2 tbsp buttermilk,Pumpkin Breakfast Bars
1212,canned pumpkin puree,Pumpkin Breakfast Bars
1213,honey,Pumpkin Breakfast Bars
1214,brown sugar,Pumpkin Breakfast Bars
1215,egg,Pumpkin Breakfast Bars
1216,pumpkin pie spice,Pumpkin Breakfast Bars
1217,plain breadcrumbs,Instant Pot Meatballs
1218,milk,Instant Pot Meatballs
1219,ground beef,Instant Pot Meatballs
1220,ground sausage,Instant Pot Meatballs
1221,fresh grated parmesan cheese,Instant Pot Meatballs
1222,Italian seasoning,Instant Pot Meatballs
1223,salt,Instant Pot Meatballs
1224,black pepper,Instant Pot Meatballs
1225,cayenne pepper,Instant Pot Meatballs
1226,egg,Instant Pot Meatballs
1227,olive oil,Instant Pot Meatballs
1228,onion,Instant Pot Meatballs
1229,garlic,Instant Pot Meatballs
1230,can crushed tomatoes,Instant Pot Meatballs
1231,can tomato sauce,Instant Pot Meatballs
1232,can tomato paste,Instant Pot Meatballs
1233,sugar,Instant Pot Meatballs
1234,dried oregano,Instant Pot Meatballs
1235,dried basil,Instant Pot Meatballs
1236,Italian seasoning,Instant Pot Meatballs
1237,salt,Instant Pot Meatballs
1238,pepper,Instant Pot Meatballs
1239,package of white cake mix,White Almond Cake with Raspberry Filling and Buttercream Frosting
1240,all-purpose flour,White Almond Cake with Raspberry Filling and Buttercream Frosting
1241,sugar,White Almond Cake with Raspberry Filling and Buttercream Frosting
1242,salt,White Almond Cake with Raspberry Filling and Buttercream Frosting
1243,water,White Almond Cake with Raspberry Filling and Buttercream Frosting
1244,sour cream,White Almond Cake with Raspberry Filling and Buttercream Frosting
1245,vegetable oil,White Almond Cake with Raspberry Filling and Buttercream Frosting
1246,almond extract,White Almond Cake with Raspberry Filling and Buttercream Frosting
1247,vanilla extract,White Almond Cake with Raspberry Filling and Buttercream Frosting
1248,egg whites,White Almond Cake with Raspberry Filling and Buttercream Frosting
1249,frozen unsweetened raspberries,White Almond Cake with Raspberry Filling and Buttercream Frosting
1250,sugar,White Almond Cake with Raspberry Filling and Buttercream Frosting
1251,lemon juice,White Almond Cake with Raspberry Filling and Buttercream Frosting
1252,cornstarch,White Almond Cake with Raspberry Filling and Buttercream Frosting
1253,raspberry liqueur,White Almond Cake with Raspberry Filling and Buttercream Frosting
1254,stick of unsalted butter,White Almond Cake with Raspberry Filling and Buttercream Frosting
1255,all vegetable shortening,White Almond Cake with Raspberry Filling and Buttercream Frosting
1256,powdered sugar,White Almond Cake with Raspberry Filling and Buttercream Frosting
1257,vanilla,White Almond Cake with Raspberry Filling and Buttercream Frosting
1258,sea salt,White Almond Cake with Raspberry Filling and Buttercream Frosting
1259,milk or heavy cream,White Almond Cake with Raspberry Filling and Buttercream Frosting
1260,frozen unsweetened raspberries,White Almond Cake with Raspberry Filling and Buttercream Frosting
1261,stick of unsalted butter,White Almond Cake with Raspberry Filling and Buttercream Frosting
1262,shortening,White Almond Cake with Raspberry Filling and Buttercream Frosting
1263,of powdered sugar,White Almond Cake with Raspberry Filling and Buttercream Frosting
1264,of sea salt,White Almond Cake with Raspberry Filling and Buttercream Frosting
1265,olive oil,Baked Salsa Verde Taquitos
1266,pork roast,Baked Salsa Verde Taquitos
1267,onion,Baked Salsa Verde Taquitos
1268,seasoned salt,Baked Salsa Verde Taquitos
1269,cumin + 1 teaspoon,Baked Salsa Verde Taquitos
1270,can black beans,Baked Salsa Verde Taquitos
1271,red salsa,Baked Salsa Verde Taquitos
1272,salsa verde,Baked Salsa Verde Taquitos
1273,mixed mexican cheese,Baked Salsa Verde Taquitos
1274,kosher salt,Baked Salsa Verde Taquitos
1275,pepper to taste,Baked Salsa Verde Taquitos
1276,chili powder,Baked Salsa Verde Taquitos
1277,small corn tortillas,Baked Salsa Verde Taquitos
1278,large eggs,Buttermilk Pancakes
1279,all purpose flour,Buttermilk Pancakes
1280,baking powder,Buttermilk Pancakes
1281,salt,Buttermilk Pancakes
1282,sugar,Buttermilk Pancakes
1283,buttermilk,Buttermilk Pancakes
1284,melted butter,Buttermilk Pancakes
1285,vanilla extract,Buttermilk Pancakes
1286,packages of white cake mix,Flag Cake
1287,all-purpose flour,Flag Cake
1288,sugar,Flag Cake
1289,salt,Flag Cake
1290,water,Flag Cake
1291,sour cream,Flag Cake
1292,vegetable oil,Flag Cake
1293,almond extract,Flag Cake
1294,vanilla extract,Flag Cake
1295,egg whites,Flag Cake
1296,blue and red food coloring,Flag Cake
1297,frozen unsweetened raspberries thawed,Flag Cake
1298,sugar,Flag Cake
1299,lemon juice,Flag Cake
1300,cornstarch,Flag Cake
1301,raspberry liqueur,Flag Cake
1302,sticks unsalted butter,Flag Cake
1303,all vegetable shortening,Flag Cake
1304,powdered sugar,Flag Cake
1305,vanilla,Flag Cake
1306,sea salt,Flag Cake
1307,milk or heavy cream,Flag Cake
1308,blue and red food coloring,Flag Cake
1309,recipe of Sugar Cookies with Royal Frosting,Flag Cake
1310,chicken breasts,Grilled Chicken with Lime Butter Sauce
1311,olive oil,Grilled Chicken with Lime Butter Sauce
1312,salt,Grilled Chicken with Lime Butter Sauce
1313,black pepper,Grilled Chicken with Lime Butter Sauce
1314,chicken broth,Grilled Chicken with Lime Butter Sauce
1315,zest of 1 lime,Grilled Chicken with Lime Butter Sauce
1316,fresh garlic,Grilled Chicken with Lime Butter Sauce
1317,juice of 1 lime,Grilled Chicken with Lime Butter Sauce
1318,unsalted butter,Grilled Chicken with Lime Butter Sauce
1319,dried dill,Grilled Chicken with Lime Butter Sauce
1320,green onions,Grilled Chicken with Lime Butter Sauce
1321,salt,Grilled Chicken with Lime Butter Sauce
1322,olive oil,Grilled Chicken with Lime Butter Sauce
1323,fresh spinach,Grilled Chicken with Lime Butter Sauce
1324,fresh lime juice,Grilled Chicken with Lime Butter Sauce
1325,salt,Grilled Chicken with Lime Butter Sauce
1326,chicken breast,Lemongrass Chicken Stuffed Peppers (Instant Pot or Slow Cooker)
1327,chicken broth,Lemongrass Chicken Stuffed Peppers (Instant Pot or Slow Cooker)
1328,kosher salt,Lemongrass Chicken Stuffed Peppers (Instant Pot or Slow Cooker)
1329,black pepper,Lemongrass Chicken Stuffed Peppers (Instant Pot or Slow Cooker)
1330,olive oil,Lemongrass Chicken Stuffed Peppers (Instant Pot or Slow Cooker)
1331,garlic,Lemongrass Chicken Stuffed Peppers (Instant Pot or Slow Cooker)
1332,red onion,Lemongrass Chicken Stuffed Peppers (Instant Pot or Slow Cooker)
1333,medium jalapeno,Lemongrass Chicken Stuffed Peppers (Instant Pot or Slow Cooker)
1334,curry powder,Lemongrass Chicken Stuffed Peppers (Instant Pot or Slow Cooker)
1335,lemongrass paste,Lemongrass Chicken Stuffed Peppers (Instant Pot or Slow Cooker)
1336,fresh basil,Lemongrass Chicken Stuffed Peppers (Instant Pot or Slow Cooker)
1337,fresh cilantro,Lemongrass Chicken Stuffed Peppers (Instant Pot or Slow Cooker)
1338,fresh lime juice,Lemongrass Chicken Stuffed Peppers (Instant Pot or Slow Cooker)
1339,can cannellini beans,Lemongrass Chicken Stuffed Peppers (Instant Pot or Slow Cooker)
1340,uncooked white rice,Lemongrass Chicken Stuffed Peppers (Instant Pot or Slow Cooker)
1341,can coconut milk,Lemongrass Chicken Stuffed Peppers (Instant Pot or Slow Cooker)
1342,water,Lemongrass Chicken Stuffed Peppers (Instant Pot or Slow Cooker)
1343,salt,Lemongrass Chicken Stuffed Peppers (Instant Pot or Slow Cooker)
1344,medium sized bell peppers,Lemongrass Chicken Stuffed Peppers (Instant Pot or Slow Cooker)
1345,green onion,Lemongrass Chicken Stuffed Peppers (Instant Pot or Slow Cooker)
1346,cilantro,Lemongrass Chicken Stuffed Peppers (Instant Pot or Slow Cooker)
1347,red onion,Lemongrass Chicken Stuffed Peppers (Instant Pot or Slow Cooker)
1348,plain Greek yogurt,Lemongrass Chicken Stuffed Peppers (Instant Pot or Slow Cooker)
1349,lemongrass paste,Lemongrass Chicken Stuffed Peppers (Instant Pot or Slow Cooker)
1350,chicken breast,Grilled Cilantro Lime Chicken Tacos
1351,salt,Grilled Cilantro Lime Chicken Tacos
1352,pepper,Grilled Cilantro Lime Chicken Tacos
1353,olive oil,Grilled Cilantro Lime Chicken Tacos
1354,lime juice,Grilled Cilantro Lime Chicken Tacos
1355,"cilantro, finely chopped",Grilled Cilantro Lime Chicken Tacos
1356,garlic,Grilled Cilantro Lime Chicken Tacos
1357,onion,Grilled Cilantro Lime Chicken Tacos
1358,red pepper,Grilled Cilantro Lime Chicken Tacos
1359,green pepper,Grilled Cilantro Lime Chicken Tacos
1360,olive oil,Grilled Cilantro Lime Chicken Tacos
1361,salt and pepper,Grilled Cilantro Lime Chicken Tacos
1362,"red onion, sliced thinly",Grilled Cilantro Lime Chicken Tacos
1363,lime juice,Grilled Cilantro Lime Chicken Tacos
1364,sugar,Grilled Cilantro Lime Chicken Tacos
1365,salt,Grilled Cilantro Lime Chicken Tacos
1366,"salsa, cheese, sour cream, cilantro, and jalapeno for toppings",Grilled Cilantro Lime Chicken Tacos
1367,small flour tortillas,Grilled Cilantro Lime Chicken Tacos
1368,chicken breast,Bacon Chicken Cordon Bleu
1369,sliced deli ham,Bacon Chicken Cordon Bleu
1370,swiss cheese,Bacon Chicken Cordon Bleu
1371,strips bacon,Bacon Chicken Cordon Bleu
1372,large eggs,Bacon Chicken Cordon Bleu
1373,olive oil,Bacon Chicken Cordon Bleu
1374,salt,Bacon Chicken Cordon Bleu
1375,pepper,Bacon Chicken Cordon Bleu
1376,Italian Panko breadcrumbs,Bacon Chicken Cordon Bleu
1377,shredded parmesan cheese,Bacon Chicken Cordon Bleu
1378,dried parsley,Bacon Chicken Cordon Bleu
1379,ground thyme,Bacon Chicken Cordon Bleu
1380,paprika,Bacon Chicken Cordon Bleu
1381,oregano,Bacon Chicken Cordon Bleu
1382,garlic powder,Bacon Chicken Cordon Bleu
1383,butter,Crispy Top Fudgy Brownies
1384,sugar,Crispy Top Fudgy Brownies
1385,eggs,Crispy Top Fudgy Brownies
1386,vanilla extract,Crispy Top Fudgy Brownies
1387,all purpose flour,Crispy Top Fudgy Brownies
1388,cocoa powder,Crispy Top Fudgy Brownies
1389,salt,Crispy Top Fudgy Brownies
1390,baking powder,Crispy Top Fudgy Brownies
1391,sugar,Chocolate Caramel Cake
1392,all purpose flour,Chocolate Caramel Cake
1393,cornstarch,Chocolate Caramel Cake
1394,dark cocoa powder,Chocolate Caramel Cake
1395,baking soda,Chocolate Caramel Cake
1396,salt,Chocolate Caramel Cake
1397,eggs,Chocolate Caramel Cake
1398,egg yolk,Chocolate Caramel Cake
1399,vegetable oil,Chocolate Caramel Cake
1400,vanilla,Chocolate Caramel Cake
1401,coffee,Chocolate Caramel Cake
1402,boiling water,Chocolate Caramel Cake
1403,buttermilk,Chocolate Caramel Cake
1404,sugar,Chocolate Caramel Cake
1405,water,Chocolate Caramel Cake
1406,stick butter,Chocolate Caramel Cake
1407,whipping cream,Chocolate Caramel Cake
1408,crushed pretzels,Chocolate Caramel Cake
1409,milk,Chocolate Caramel Cake
1410,unsalted butter,Chocolate Caramel Cake
1411,shortening,Chocolate Caramel Cake
1412,powdered sugar,Chocolate Caramel Cake
1413,dark chocolate chips,Chocolate Caramel Cake
1414,light corn syrup,Chocolate Caramel Cake
1415,heavy whipping cream,Chocolate Caramel Cake
1416,olive oil,Hummus Veggie Wraps
1417,red onion,Hummus Veggie Wraps
1418,red pepper,Hummus Veggie Wraps
1419,garlic,Hummus Veggie Wraps
1420,shredded carrots,Hummus Veggie Wraps
1421,packed,Hummus Veggie Wraps
1422,Roasted garlic hummus,Hummus Veggie Wraps
1423,avocado,Hummus Veggie Wraps
1424,feta cheese,Hummus Veggie Wraps
1425,Honey balsamic vinaigrette,Hummus Veggie Wraps
1426,Wrap,Hummus Veggie Wraps
1427,boneless chicken thighs,Middle Eastern Chicken and Rice with Tahini Yogurt Sauce
1428,lemon juice,Middle Eastern Chicken and Rice with Tahini Yogurt Sauce
1429,white vinegar,Middle Eastern Chicken and Rice with Tahini Yogurt Sauce
1430,tumeric,Middle Eastern Chicken and Rice with Tahini Yogurt Sauce
1431,curry,Middle Eastern Chicken and Rice with Tahini Yogurt Sauce
1432,cumin,Middle Eastern Chicken and Rice with Tahini Yogurt Sauce
1433,oregano,Middle Eastern Chicken and Rice with Tahini Yogurt Sauce
1434,cardamom,Middle Eastern Chicken and Rice with Tahini Yogurt Sauce
1435,nutmeg,Middle Eastern Chicken and Rice with Tahini Yogurt Sauce
1436,garlic cloves,Middle Eastern Chicken and Rice with Tahini Yogurt Sauce
1437,salt,Middle Eastern Chicken and Rice with Tahini Yogurt Sauce
1438,black pepper,Middle Eastern Chicken and Rice with Tahini Yogurt Sauce
1439,olive oil,Middle Eastern Chicken and Rice with Tahini Yogurt Sauce
1440,"sweet onion, chopped",Middle Eastern Chicken and Rice with Tahini Yogurt Sauce
1441,white cooking wine,Middle Eastern Chicken and Rice with Tahini Yogurt Sauce
1442,"cherry tomatoes, halved",Middle Eastern Chicken and Rice with Tahini Yogurt Sauce
1443,"kale, coarsely chopped ",Middle Eastern Chicken and Rice with Tahini Yogurt Sauce
1444,garlic,Middle Eastern Chicken and Rice with Tahini Yogurt Sauce
1445,jasmine rice,Middle Eastern Chicken and Rice with Tahini Yogurt Sauce
1446,reduced sodium chicken broth,Middle Eastern Chicken and Rice with Tahini Yogurt Sauce
1447,lemon juice,Middle Eastern Chicken and Rice with Tahini Yogurt Sauce
1448,tumeric,Middle Eastern Chicken and Rice with Tahini Yogurt Sauce
1449,cumin,Middle Eastern Chicken and Rice with Tahini Yogurt Sauce
1450,cardamom,Middle Eastern Chicken and Rice with Tahini Yogurt Sauce
1451,nutmeg,Middle Eastern Chicken and Rice with Tahini Yogurt Sauce
1452,salt,Middle Eastern Chicken and Rice with Tahini Yogurt Sauce
1453,plain greek yogurt,Middle Eastern Chicken and Rice with Tahini Yogurt Sauce
1454,lemon juice,Middle Eastern Chicken and Rice with Tahini Yogurt Sauce
1455,tahini,Middle Eastern Chicken and Rice with Tahini Yogurt Sauce
1456,olive oil,Middle Eastern Chicken and Rice with Tahini Yogurt Sauce
1457,salt,Middle Eastern Chicken and Rice with Tahini Yogurt Sauce
1458,long grain white rice,Cilantro Lime Rice
1459,butter,Cilantro Lime Rice
1460,water,Cilantro Lime Rice
1461,salt,Cilantro Lime Rice
1462,zest of 1/2 lime,Cilantro Lime Rice
1463,juice of 1 lime,Cilantro Lime Rice
1464,cilantro,Cilantro Lime Rice
1465,almond flour,Copycat Nutri Grain Bars
1466,plus 1/2 cup all purpose flour,Copycat Nutri Grain Bars
1467,corn starch,Copycat Nutri Grain Bars
1468,old fashioned oats,Copycat Nutri Grain Bars
1469,salt,Copycat Nutri Grain Bars
1470,baking powder,Copycat Nutri Grain Bars
1471,cinnamon,Copycat Nutri Grain Bars
1472,unsalted butter,Copycat Nutri Grain Bars
1473,coconut oil,Copycat Nutri Grain Bars
1474,vanilla extract,Copycat Nutri Grain Bars
1475,eggs,Copycat Nutri Grain Bars
1476,honey,Copycat Nutri Grain Bars
1477,milk plus 2 tbsp milk,Copycat Nutri Grain Bars
1478,frozen mixed berries,Copycat Nutri Grain Bars
1479,lemon juice,Copycat Nutri Grain Bars
1480,sugar,Copycat Nutri Grain Bars
1481,ground chicken,Curry Meatballs with Coconut Rice
1482,fresh ginger,Curry Meatballs with Coconut Rice
1483,red curry paste,Curry Meatballs with Coconut Rice
1484,ground coriander,Curry Meatballs with Coconut Rice
1485,garlic,Curry Meatballs with Coconut Rice
1486,dry Panko breadcrumbs,Curry Meatballs with Coconut Rice
1487,cilantro,Curry Meatballs with Coconut Rice
1488,soy sauce,Curry Meatballs with Coconut Rice
1489,fresh lime juice,Curry Meatballs with Coconut Rice
1490,dried basil,Curry Meatballs with Coconut Rice
1491,salt,Curry Meatballs with Coconut Rice
1492,black pepper,Curry Meatballs with Coconut Rice
1493,vegetable oil,Curry Meatballs with Coconut Rice
1494,shredded carrots,Curry Meatballs with Coconut Rice
1495,red curry,Curry Meatballs with Coconut Rice
1496,garlic,Curry Meatballs with Coconut Rice
1497,fresh ginger,Curry Meatballs with Coconut Rice
1498,can full fat coconut milk,Curry Meatballs with Coconut Rice
1499,chicken broth,Curry Meatballs with Coconut Rice
1500,black pepper,Curry Meatballs with Coconut Rice
1501,salt,Curry Meatballs with Coconut Rice
1502,sugar,Curry Meatballs with Coconut Rice
1503,soy sauce,Curry Meatballs with Coconut Rice
1504,lime juice,Curry Meatballs with Coconut Rice
1505,red curry paste,Curry Meatballs with Coconut Rice
1506,red pepper,Curry Meatballs with Coconut Rice
1507,snow peas,Curry Meatballs with Coconut Rice
1508,Jasmine Rice,Curry Meatballs with Coconut Rice
1509,can full fat coconut milk,Curry Meatballs with Coconut Rice
1510,water,Curry Meatballs with Coconut Rice
1511,salt,Curry Meatballs with Coconut Rice
1512,yellow squash,Roasted Summer Squash Soup
1513,plus 1/4 teaspoon cinnamon,Roasted Summer Squash Soup
1514,13.6 ounce can coconut milk,Roasted Summer Squash Soup
1515,chicken or vegetable broth,Roasted Summer Squash Soup
1516,nutmeg,Roasted Summer Squash Soup
1517,honey,Roasted Summer Squash Soup
1518,tumeric,Roasted Summer Squash Soup
1519,salt,Roasted Summer Squash Soup
1520,sweetened coconut flakes and sunflower seeds for serving,Roasted Summer Squash Soup
1521,hazelnuts,Hazelnut Shortbread Cookies with Nutella Filling
1522,unsalted butter,Hazelnut Shortbread Cookies with Nutella Filling
1523,sugar,Hazelnut Shortbread Cookies with Nutella Filling
1524,vanilla extract,Hazelnut Shortbread Cookies with Nutella Filling
1525,honey,Hazelnut Shortbread Cookies with Nutella Filling
1526,kosher salt,Hazelnut Shortbread Cookies with Nutella Filling
1527,corn starch,Hazelnut Shortbread Cookies with Nutella Filling
1528,almond flour,Hazelnut Shortbread Cookies with Nutella Filling
1529,all purpose flour,Hazelnut Shortbread Cookies with Nutella Filling
1530,chicken breast,Blackened Chicken
1531,Olive oil,Blackened Chicken
1532,paprika,Blackened Chicken
1533,salt,Blackened Chicken
1534,cayenne pepper,Blackened Chicken
1535,black pepper,Blackened Chicken
1536,chili powder,Blackened Chicken
1537,cumin,Blackened Chicken
1538,thyme,Blackened Chicken
1539,white pepper,Blackened Chicken
1540,onion powder,Blackened Chicken
1541,garlic,Blackened Chicken
1542,cocoa powder,Chocolate Zucchini Donuts
1543,sugar,Chocolate Zucchini Donuts
1544,light brown sugar,Chocolate Zucchini Donuts
1545,grated zucchini,Chocolate Zucchini Donuts
1546,coconut flour,Chocolate Zucchini Donuts
1547,all purpose flour,Chocolate Zucchini Donuts
1548,baking powder,Chocolate Zucchini Donuts
1549,salt,Chocolate Zucchini Donuts
1550,cinnamon,Chocolate Zucchini Donuts
1551,vanilla,Chocolate Zucchini Donuts
1552,vegetable oil,Chocolate Zucchini Donuts
1553,large eggs,Chocolate Zucchini Donuts
1554,semi-sweet chocolate chips,Chocolate Zucchini Donuts
1555,coconut or vegetable oil,Chocolate Zucchini Donuts
1556,sprinkles for decor,Chocolate Zucchini Donuts
1557,boneless pork chops,Sweet and Salty Pork Chops
1558,reduced sodium soy sauce,Sweet and Salty Pork Chops
1559,seasoned salt,Sweet and Salty Pork Chops
1560,black pepper,Sweet and Salty Pork Chops
1561,paprika,Sweet and Salty Pork Chops
1562,onion powder,Sweet and Salty Pork Chops
1563,light brown sugar,Sweet and Salty Pork Chops
1564,garlic powder,Sweet and Salty Pork Chops
1565,olive oil,Sweet and Salty Pork Chops
1566,flank steak,Flank Steak with Chimichurri Sauce
1567,olive oil,Flank Steak with Chimichurri Sauce
1568,salt,Flank Steak with Chimichurri Sauce
1569,pepper,Flank Steak with Chimichurri Sauce
1570,garlic powder,Flank Steak with Chimichurri Sauce
1571,cumin,Flank Steak with Chimichurri Sauce
1572,dried oregano,Flank Steak with Chimichurri Sauce
1573,chili powder,Flank Steak with Chimichurri Sauce
1574,fresh parsley,Flank Steak with Chimichurri Sauce
1575,fresh cilantro,Flank Steak with Chimichurri Sauce
1576,red onion,Flank Steak with Chimichurri Sauce
1577,garlic,Flank Steak with Chimichurri Sauce
1578,cumin,Flank Steak with Chimichurri Sauce
1579,cayenne pepper,Flank Steak with Chimichurri Sauce
1580,salt,Flank Steak with Chimichurri Sauce
1581,black pepper,Flank Steak with Chimichurri Sauce
1582,red wine vinegar,Flank Steak with Chimichurri Sauce
1583,olive oil,Flank Steak with Chimichurri Sauce
1584,pork,Honey Garlic Pork with Fried Rice
1585,vegetable oil,Honey Garlic Pork with Fried Rice
1586,red pepper flakes,Honey Garlic Pork with Fried Rice
1587,black pepper,Honey Garlic Pork with Fried Rice
1588,soy sauce,Honey Garlic Pork with Fried Rice
1589,onion,Honey Garlic Pork with Fried Rice
1590,garlic cloves,Honey Garlic Pork with Fried Rice
1591,honey,Honey Garlic Pork with Fried Rice
1592,cornstarch,Honey Garlic Pork with Fried Rice
1593,green onions,Honey Garlic Pork with Fried Rice
1594,sesame seeds,Honey Garlic Pork with Fried Rice
1595,white rice,Honey Garlic Pork with Fried Rice
1596,water,Honey Garlic Pork with Fried Rice
1597,butter,Honey Garlic Pork with Fried Rice
1598,salt,Honey Garlic Pork with Fried Rice
1599,eggs,Honey Garlic Pork with Fried Rice
1600,salt and pepper to taste,Honey Garlic Pork with Fried Rice
1601,butter,Honey Garlic Pork with Fried Rice
1602,onion,Honey Garlic Pork with Fried Rice
1603,frozen peas and carrots,Honey Garlic Pork with Fried Rice
1604,garlic,Honey Garlic Pork with Fried Rice
1605,soy sauce,Honey Garlic Pork with Fried Rice
1606,sesame oil,Honey Garlic Pork with Fried Rice
1607,green onions,Honey Garlic Pork with Fried Rice
1608,milk,Pumpkin English Muffins
1609,sugar,Pumpkin English Muffins
1610,package yeast,Pumpkin English Muffins
1611,warm water,Pumpkin English Muffins
1612,melted butter,Pumpkin English Muffins
1613,pumpkin puree,Pumpkin English Muffins
1614,all purpose flour,Pumpkin English Muffins
1615,almond flour,Pumpkin English Muffins
1616,pumpkin pie spice,Pumpkin English Muffins
1617,salt,Pumpkin English Muffins
1618,corn meal for dusting,Pumpkin English Muffins
1619,all purpose flour,Buttermilk Biscuits
1620,baking soda,Buttermilk Biscuits
1621,baking powder,Buttermilk Biscuits
1622,salt,Buttermilk Biscuits
1623,sugar,Buttermilk Biscuits
1624,shortening,Buttermilk Biscuits
1625,butter,Buttermilk Biscuits
1626,buttermilk,Buttermilk Biscuits
1627,melted butter,Buttermilk Biscuits
1628,zucchini,Zucchini Hush Puppies with Wasabi Dipping Sauce
1629,self-rising cornmeal,Zucchini Hush Puppies with Wasabi Dipping Sauce
1630,salt,Zucchini Hush Puppies with Wasabi Dipping Sauce
1631,pepper,Zucchini Hush Puppies with Wasabi Dipping Sauce
1632,paprika,Zucchini Hush Puppies with Wasabi Dipping Sauce
1633,garlic powder,Zucchini Hush Puppies with Wasabi Dipping Sauce
1634,onion powder,Zucchini Hush Puppies with Wasabi Dipping Sauce
1635,egg,Zucchini Hush Puppies with Wasabi Dipping Sauce
1636,buttermilk,Zucchini Hush Puppies with Wasabi Dipping Sauce
1637,~3 cups corn oil,Zucchini Hush Puppies with Wasabi Dipping Sauce
1638,plain Greek Yogurt,Zucchini Hush Puppies with Wasabi Dipping Sauce
1639,soy sauce,Zucchini Hush Puppies with Wasabi Dipping Sauce
1640,honey,Zucchini Hush Puppies with Wasabi Dipping Sauce
1641,lemon juice,Zucchini Hush Puppies with Wasabi Dipping Sauce
1642,wasabi,Zucchini Hush Puppies with Wasabi Dipping Sauce
1643,peanut butter oreos,Mini Peanut Butter Oreo Chocolate No Bake Desserts
1644,butter,Mini Peanut Butter Oreo Chocolate No Bake Desserts
1645,"frozen whipped topping, thawed",Mini Peanut Butter Oreo Chocolate No Bake Desserts
1646,smooth peanut butter,Mini Peanut Butter Oreo Chocolate No Bake Desserts
1647,cream cheese,Mini Peanut Butter Oreo Chocolate No Bake Desserts
1648,powered sugar,Mini Peanut Butter Oreo Chocolate No Bake Desserts
1649,vanilla extract,Mini Peanut Butter Oreo Chocolate No Bake Desserts
1650,cold milk,Mini Peanut Butter Oreo Chocolate No Bake Desserts
1651,chocolate pudding,Mini Peanut Butter Oreo Chocolate No Bake Desserts
1652,dark chocolate chips,Mini Peanut Butter Oreo Chocolate No Bake Desserts
1653,light corn syrup,Mini Peanut Butter Oreo Chocolate No Bake Desserts
1654,heavy whipping cream,Mini Peanut Butter Oreo Chocolate No Bake Desserts
1655,medium sized apples,Healthier Apple Crisp
1656,almond flour,Healthier Apple Crisp
1657,old fashioned oats,Healthier Apple Crisp
1658,ground cinnamon,Healthier Apple Crisp
1659,ground nutmeg,Healthier Apple Crisp
1660,all spice,Healthier Apple Crisp
1661,honey,Healthier Apple Crisp
1662,coconut oil,Healthier Apple Crisp
1663,almond extract,Healthier Apple Crisp
1664,thin sliced almonds,Healthier Apple Crisp
1665,box ziti,Slow Cooker Mac and Cheese
1666,stick of unsalted butter,Slow Cooker Mac and Cheese
1667,all purpose flour,Slow Cooker Mac and Cheese
1668,block sharp cheddar cheese,Slow Cooker Mac and Cheese
1669,Velveeta cheese,Slow Cooker Mac and Cheese
1670,milk,Slow Cooker Mac and Cheese
1671,eggs,Slow Cooker Mac and Cheese
1672,seasoned salt,Slow Cooker Mac and Cheese
1673,salt,Slow Cooker Mac and Cheese
1674,pepper,Slow Cooker Mac and Cheese
1675,unsalted butter,Sugar Cookies with Royal Icing
1676,sugar,Sugar Cookies with Royal Icing
1677,egg,Sugar Cookies with Royal Icing
1678,vanilla,Sugar Cookies with Royal Icing
1679,almond,Sugar Cookies with Royal Icing
1680,all purpose flour,Sugar Cookies with Royal Icing
1681,baking powder,Sugar Cookies with Royal Icing
1682,salt,Sugar Cookies with Royal Icing
1683,meringue powder,Sugar Cookies with Royal Icing
1684,sifted powdered sugar,Sugar Cookies with Royal Icing
1685,vanilla,Sugar Cookies with Royal Icing
1686,warm water,Sugar Cookies with Royal Icing
1687,Gel food coloring,Sugar Cookies with Royal Icing
1688,old fashioned oats,Lemon Blueberry Granola
1689,steel cut oats,Lemon Blueberry Granola
1690,hemp seeds,Lemon Blueberry Granola
1691,flax seeds,Lemon Blueberry Granola
1692,dried sweetened blueberries,Lemon Blueberry Granola
1693,zest of 1 lemon,Lemon Blueberry Granola
1694,juice of 1 lemon,Lemon Blueberry Granola
1695,vanilla extract,Lemon Blueberry Granola
1696,cardamom,Lemon Blueberry Granola
1697,salt,Lemon Blueberry Granola
1698,coconut oil,Lemon Blueberry Granola
1699,maple syrup,Lemon Blueberry Granola
1700,honey,Lemon Blueberry Granola
1701,packages of yeast,North Carolina Sourdough Bread
1702,warm water,North Carolina Sourdough Bread
1703,sugar,North Carolina Sourdough Bread
1704,instant potato flakes,North Carolina Sourdough Bread
1705,warm water,North Carolina Sourdough Bread
1706,starter that has been fed,North Carolina Sourdough Bread
1707,sugar,North Carolina Sourdough Bread
1708,corn oil,North Carolina Sourdough Bread
1709,salt,North Carolina Sourdough Bread
1710,warm water,North Carolina Sourdough Bread
1711,bread flour,North Carolina Sourdough Bread
1712,chicken breast,Lemongrass Curry Chicken
1713,olive oil,Lemongrass Curry Chicken
1714,fresh ginger,Lemongrass Curry Chicken
1715,garlic,Lemongrass Curry Chicken
1716,onion,Lemongrass Curry Chicken
1717,can coconut milk,Lemongrass Curry Chicken
1718,reduced sodium chicken broth,Lemongrass Curry Chicken
1719,lime juice,Lemongrass Curry Chicken
1720,lemon juice,Lemongrass Curry Chicken
1721,lemongrass paste,Lemongrass Curry Chicken
1722,curry powder,Lemongrass Curry Chicken
1723,salt,Lemongrass Curry Chicken
1724,pepper,Lemongrass Curry Chicken
1725,red pepper flakes,Lemongrass Curry Chicken
1726,red pepper,Lemongrass Curry Chicken
1727,cauliflower,Lemongrass Curry Chicken
1728,snap peas,Lemongrass Curry Chicken
1729,Jasmine rice,Lemongrass Curry Chicken
1730,"Naan, cilantro, lime juice",Lemongrass Curry Chicken
1731,frozen corn,Corn Salsa
1732,red onion,Corn Salsa
1733,vine ripe tomatoes,Corn Salsa
1734,green onions,Corn Salsa
1735,jalapeno,Corn Salsa
1736,cilantro,Corn Salsa
1737,juice of 1 lime,Corn Salsa
1738,sea salt,Corn Salsa
1739,black pepper to taste,Corn Salsa
1740,olive oil,Corn Salsa
1741,corn oil,Skillet Cornbread
1742,self-rising stone ground corn meal,Skillet Cornbread
1743,sugar,Skillet Cornbread
1744,egg,Skillet Cornbread
1745,buttermilk,Skillet Cornbread
1746,ground turkey,Indian Pot Pie Turnovers
1747,olive oil,Indian Pot Pie Turnovers
1748,garlic,Indian Pot Pie Turnovers
1749,cinnamon,Indian Pot Pie Turnovers
1750,cardamom,Indian Pot Pie Turnovers
1751,cumin,Indian Pot Pie Turnovers
1752,tumeric,Indian Pot Pie Turnovers
1753,fresh grated ginger,Indian Pot Pie Turnovers
1754,cayenne pepper,Indian Pot Pie Turnovers
1755,salt,Indian Pot Pie Turnovers
1756,potatoes,Indian Pot Pie Turnovers
1757,"bag frozen vegetables (broccoli, cauliflower, carrot mix)",Indian Pot Pie Turnovers
1758,butter,Indian Pot Pie Turnovers
1759,"green chilie, chopped",Indian Pot Pie Turnovers
1760,"red onion, chopped",Indian Pot Pie Turnovers
1761,fresh grated ginger,Indian Pot Pie Turnovers
1762,garlic,Indian Pot Pie Turnovers
1763,flour,Indian Pot Pie Turnovers
1764,white wine,Indian Pot Pie Turnovers
1765,chicken broth,Indian Pot Pie Turnovers
1766,cumin,Indian Pot Pie Turnovers
1767,salt,Indian Pot Pie Turnovers
1768,tumeric,Indian Pot Pie Turnovers
1769,lemon juice,Indian Pot Pie Turnovers
1770,egg,Indian Pot Pie Turnovers
1771,box frozen puff pastry,Indian Pot Pie Turnovers
1772,cumin to sprinkle on top of pastry,Indian Pot Pie Turnovers
1773,all purpose flour,Lemon Strawberry Cake
1774,cornstarch,Lemon Strawberry Cake
1775,salt,Lemon Strawberry Cake
1776,baking soda,Lemon Strawberry Cake
1777,baking powder,Lemon Strawberry Cake
1778,sugar,Lemon Strawberry Cake
1779,eggs,Lemon Strawberry Cake
1780,vegetable oil,Lemon Strawberry Cake
1781,fresh lemon juice,Lemon Strawberry Cake
1782,lemon zest,Lemon Strawberry Cake
1783,sour cream,Lemon Strawberry Cake
1784,bag frozen strawberries,Lemon Strawberry Cake
1785,sugar,Lemon Strawberry Cake
1786,lemon juice,Lemon Strawberry Cake
1787,cornstarch,Lemon Strawberry Cake
1788,Strawberries,Lemon Strawberry Cake
1789,of strawberry puree,Lemon Strawberry Cake
1790,butter,Lemon Strawberry Cake
1791,vegetable shortening,Lemon Strawberry Cake
1792,powdered sugar,Lemon Strawberry Cake
1793,vanilla,Lemon Strawberry Cake
1794,salt,Lemon Strawberry Cake
